ec3	kcat_median	n
1.1.1	6.3	7126
1.1.2	40.0	126
1.1.3	7.0	1289
1.1.5	225.0	191
1.1.9	17.3	8
1.1.98	2.65	28
1.1.99	16.95	772
1.10.3	28.1	597
1.10.5	11.0	9
1.11.1	25.8	1261
1.11.2	34.5	176
1.12.1	171.0	21
1.12.2	45.0	19
1.12.5	7.05	1
1.12.7	293.5	4
1.12.98	1218.5	12
1.12.99	34.15	8
1.13.11	3.6	998
1.13.12	1.4	175
1.13.99	80.95	8
1.14.11	0.3	336
1.14.12	1.0	60
1.14.13	1.2	825
1.14.14	0.2875	468
1.14.15	0.5	207
1.14.16	0.952	111
1.14.17	4.6	61
1.14.18	12.7	303
1.14.19	0.0262	88
1.14.20	0.054	181
1.14.99	0.25	77
1.15.1	22300.0	6
1.16.1	5.925	30
1.16.3	0.935	56
1.17.1	1.905	398
1.17.2	17.1	9
1.17.3	3.835	24
1.17.4	0.0385	22
1.17.5	12.0	3
1.17.7	3.11	3
1.17.9	20.0	5
1.17.98	1421.0	2
1.17.99	0.28	14
1.18.1	31.0	357
1.18.6	200.15	2
1.19.1	3.25	36
1.19.6	400.0	1
1.2.1	3.755	1220
1.2.3	1.66	222
1.2.4	0.82	97
1.2.5	93.3	7
1.2.7	8.05	112
1.2.98	1510.85	6
1.2.99	3.3	53
1.20.1	2.93	93
1.20.2	19.5	2
1.20.4	0.75	39
1.20.9	7213.5	2
1.20.99	0.095	12
1.21.1	0.0985	34
1.21.3	0.48	47
1.21.4	6.725	6
1.21.99	0.7505	4
1.23.1	0.56	13
1.3.1	1.3	785
1.3.2	48.75	72
1.3.3	0.3	199
1.3.5	12.75	198
1.3.7	0.013	9
1.3.8	4.9	211
1.3.98	6.8	19
1.3.99	47.5	73
1.4.1	19.0	747
1.4.2	4.4	3
1.4.3	3.2	1211
1.4.4	0.033	11
1.4.5	14.7	7
1.4.7	70.335	2
1.4.9	15.0	69
1.4.99	9.2	35
1.5.1	10.35	785
1.5.3	2.85	320
1.5.5	20.0	59
1.5.7	0.295	2
1.5.8	3.55	35
1.5.98	275.0	3
1.5.99	7.61	40
1.6.1	117.5	17
1.6.2	83.0	349
1.6.3	22.085	16
1.6.5	25.2	227
1.6.99	3.72	22
1.7.1	25.2	133
1.7.2	27.235	180
1.7.3	6.64	55
1.7.5	93.0	8
1.7.7	98.7	24
1.7.99	3.8	1
1.8.1	13.8	478
1.8.2	86.2	67
1.8.3	7.635	266
1.8.4	0.157	169
1.8.5	37.0	241
1.8.7	2.7	13
1.8.98	0.0135	6
1.9.6	5.91	5
1.97.1	2.799	8
2.1.1	0.028	1065
2.1.2	3.53	193
2.1.3	120.0	65
2.1.4	875.0	2
2.1.5	7.9	1
2.10.1	1.375	2
2.2.1	2.4	297
2.3.1	1.0	1973
2.3.2	16.0	463
2.3.3	3.0	360
2.4.1	2.9	1896
2.4.2	2.0	931
2.4.3	2.05	88
2.4.99	0.39	64
2.5.1	0.47	2103
2.6.1	5.7	1005
2.6.99	11.0	3
2.7.1	2.125	2062
2.7.10	0.415	48
2.7.11	0.55	145
2.7.12	1.02	15
2.7.13	0.0002	1
2.7.2	43.0	504
2.7.3	44.0	336
2.7.4	4.15	408
2.7.6	0.47	47
2.7.7	1.15	1293
2.7.8	0.065	164
2.7.9	10.95	36
2.8.1	1.15	84
2.8.2	0.121	124
2.8.3	36.5	40
2.8.4	0.405	12
2.8.5	0.685	4
2.9.1	0.0113	2
3.1.1	11.95	2848
3.1.11	0.305	32
3.1.13	0.04	31
3.1.15	0.82	5
3.1.16	4.9	3
3.1.2	1.265	544
3.1.21	0.0197	72
3.1.22	0.0	6
3.1.25	0.0183	4
3.1.26	0.098	171
3.1.3	13.5	1572
3.1.30	1.2	3
3.1.4	2.54	493
3.1.5	2001.3	2
3.1.6	2.4	65
3.1.7	1.88	8
3.1.8	8.6	433
3.11.1	1.7	30
3.13.1	3.13	17
3.13.2	0.79	47
3.2.1	20.095	5298
3.2.2	0.62	604
3.3.2	0.615	196
3.4.11	7.5	1071
3.4.13	101.0	193
3.4.14	14.0	451
3.4.15	12.9	169
3.4.16	5.33	187
3.4.17	11.9	387
3.4.18	0.145	12
3.4.19	5.7	231
3.4.21	5.7	4135
3.4.22	1.5	1077
3.4.23	3.085	916
3.4.24	2.3	1601
3.4.25	2.233	39
3.4.26	7.1	30
3.5.1	5.84	1821
3.5.2	14.61	1505
3.5.3	2.0	529
3.5.4	5.59	371
3.5.5	0.135	136
3.5.99	6.05	126
3.6.1	5.3	1139
3.6.4	0.0074	32
3.6.5	0.13	121
3.7.1	1.945	252
3.8.1	1.7	203
3.8.2	0.1995	54
3.9.1	0.35	5
4.1.1	3.6	1709
4.1.2	6.325	804
4.1.3	1.025	456
4.1.99	0.165	232
4.2.1	7.7	1554
4.2.2	33.49	418
4.2.3	0.04	552
4.2.99	0.0875	210
4.3.1	3.13	434
4.3.2	0.4	158
4.3.3	35.0	117
4.3.99	3.27	7
4.4.1	2.7	569
4.5.1	2.2	35
4.6.1	1.415	200
4.8.1	10.0	19
4.98.1	0.0706	68
4.99.1	0.055	20
5.1.1	5.69	545
5.1.2	46.0	235
5.1.3	44.9	459
5.1.99	2.205	36
5.2.1	2.8	63
5.3.1	50.0	867
5.3.2	14.0	109
5.3.3	58.0	201
5.3.4	0.0091	6
5.3.99	5.0	33
5.4.1	428.0	2
5.4.2	3.955	146
5.4.3	0.0595	116
5.4.4	0.735	28
5.4.99	5.89	466
5.5.1	57.15	214
5.6.1	1.25	178
5.6.2	1.2	157
5.99.1	33.0	2
6.1.1	1.0	1655
6.1.2	1.57	21
6.1.3	0.0173	4
6.2.1	2.2	808
6.2.2	0.048	2
6.3.1	5.33	129
6.3.2	3.0	431
6.3.3	0.995	84
6.3.4	1.13	305
6.3.5	1.05	329
6.4.1	1.425	130
6.5.1	0.05	71
6.6.1	0.0061	17
6.7.1	0.0042	5
7.1.1	50.0	221
7.1.2	16.5	18
7.1.3	128.0	18
7.2.1	202.75	70
7.2.2	24.25	24
7.2.3	8.65	2
7.4.2	0.13	36
7.5.2	0.31	7
7.6.2	2.95	35
