method	condition_id	label	stage	O2	feasible	agreement_score	spearman_expr_vs_flux	hi_expr_recall	flux_precision_hi_med	mcc_active_vs_expr	jaccard_active_vs_expr	n_flux_nonzero	n_gpr	spearman_expr_vs_flux_rn	hi_expr_recall_rn	flux_precision_hi_med_rn	mcc_active_vs_expr_rn	composite
eflux	01_trehalose	Trehalose	pre-infection	aerobic	True	0.574	0.1339	0.3525	0.9776	0.1603	0.3617	464	1045	0.5314685314685315	0.22727272727272727	0.3041958041958042	0.24125874125874125	0.326
eflux	01_trehalose	Trehalose	pre-infection	anaerobic	True	0.5702	0.1243	0.35	0.9829	0.1719	0.3583	465	1045	0.32517482517482516	0.16083916083916083	0.7307692307692307	0.513986013986014	0.4327
eflux	02_glycerol	Glycerol	pre-infection	aerobic	True	0.5769	0.1328	0.36	0.9776	0.1603	0.3617	469	1045	0.5034965034965035	0.44405594405594406	0.3041958041958042	0.24125874125874125	0.3733
eflux	02_glycerol	Glycerol	pre-infection	anaerobic	True	0.4982	0.132	0.305	0.9822	0.145	0.2869	360	1045	0.46153846153846156	0.03146853146853147	0.6888111888111889	0.06993006993006994	0.3129
eflux	03_palmitate	Palmitate (C16:0)	pre-infection	aerobic	True	0.5855	0.1077	0.3575	0.9758	0.1607	0.3758	482	1045	0.07692307692307693	0.3741258741258741	0.1853146853146853	0.25874125874125875	0.2238
eflux	04_oleate	Oleate (C18:1)	pre-infection	aerobic	True	0.5786	0.1125	0.35	0.9781	0.1643	0.3699	482	1045	0.1048951048951049	0.16083916083916083	0.3706293706293706	0.32167832167832167	0.2395
eflux	05_hexacosanoate	Hexacosanoate (C26)	pre-infection	aerobic	True	0.601	0.1171	0.3775	0.9817	0.1801	0.389	497	1045	0.18181818181818182	0.6923076923076923	0.6748251748251748	0.5874125874125874	0.5341
eflux	06_glucose_low	Glucose (LOW, -1)	biotrophic	aerobic	True	0.5766	0.1381	0.3575	0.9804	0.1676	0.3631	463	1045	0.5944055944055944	0.3741258741258741	0.5804195804195804	0.3951048951048951	0.486
eflux	06_glucose_low	Glucose (LOW, -1)	biotrophic	anaerobic	True	0.5631	0.12	0.3425	0.9798	0.1621	0.3517	459	1045	0.21678321678321677	0.1048951048951049	0.5104895104895105	0.3006993006993007	0.2832
eflux	07_sucrose_low	Sucrose (LOW, -0.5)	biotrophic	aerobic	True	0.5806	0.1504	0.3625	0.9806	0.1691	0.3662	467	1045	0.6993006993006993	0.5244755244755245	0.6188811188811189	0.4755244755244755	0.5795
eflux	07_sucrose_low	Sucrose (LOW, -0.5)	biotrophic	anaerobic	True	0.5688	0.1266	0.35	0.98	0.1641	0.3558	463	1045	0.3776223776223776	0.16083916083916083	0.5244755244755245	0.3146853146853147	0.3444
eflux	08_glutamate	L-Glutamate	biotrophic	aerobic	True	0.5811	0.1369	0.3675	0.975	0.1546	0.3634	477	1045	0.5874125874125874	0.6188811188811189	0.13636363636363635	0.15034965034965034	0.3733
eflux	08_glutamate	L-Glutamate	biotrophic	anaerobic	True	0.482	0.1196	0.28	0.9817	0.1411	0.2786	351	1045	0.2097902097902098	0.02097902097902098	0.6748251748251748	0.04195804195804196	0.2369
eflux	09_glutamine	L-Glutamine	biotrophic	aerobic	True	0.5778	0.1325	0.3625	0.9749	0.1536	0.3613	473	1045	0.48951048951048953	0.5244755244755245	0.12237762237762238	0.1258741258741259	0.3156
eflux	09_glutamine	L-Glutamine	biotrophic	anaerobic	True	0.4784	0.1122	0.275	0.9815	0.1401	0.2765	351	1045	0.0979020979020979	0.013986013986013986	0.6643356643356644	0.027972027972027972	0.201
eflux	10_gaba	GABA	biotrophic	aerobic	True	0.5762	0.1358	0.36	0.9775	0.1598	0.3606	464	1045	0.5594405594405595	0.44405594405594406	0.2867132867132867	0.22377622377622378	0.3785
eflux	12_xylose	Xylose	necrotrophic	aerobic	True	0.5747	0.1297	0.3525	0.9777	0.1608	0.3627	464	1045	0.4125874125874126	0.22727272727272727	0.32867132867132864	0.2727272727272727	0.3103
eflux	12_xylose	Xylose	necrotrophic	anaerobic	True	0.5738	0.1133	0.35	0.9804	0.1676	0.3631	474	1045	0.11888111888111888	0.16083916083916083	0.5804195804195804	0.3951048951048951	0.3138
eflux	13_arabinose	L-Arabinose	necrotrophic	aerobic	True	0.5719	0.1135	0.345	0.9804	0.1676	0.3631	464	1045	0.1258741258741259	0.11538461538461539	0.5804195804195804	0.3951048951048951	0.3042
eflux	14_maltose	Maltose (starch)	necrotrophic	aerobic	True	0.5766	0.1333	0.3575	0.9749	0.1541	0.3623	465	1045	0.5104895104895105	0.3741258741258741	0.12237762237762238	0.13286713286713286	0.285
eflux	14_maltose	Maltose (starch)	necrotrophic	anaerobic	True	0.5712	0.107	0.3525	0.9746	0.1515	0.3571	470	1045	0.06993006993006994	0.22727272727272727	0.11188811188811189	0.11188811188811189	0.1302
eflux	15_mixed_aa	Mixed AAs + glc	necrotrophic	aerobic	True	0.5635	0.1163	0.355	0.9737	0.1454	0.3447	483	1045	0.15384615384615385	0.3111888111888112	0.08741258741258741	0.08741258741258741	0.16
eflux	15_mixed_aa	Mixed AAs + glc	necrotrophic	anaerobic	True	0.5445	0.0932	0.335	0.9725	0.1378	0.3292	458	1045	0.013986013986013986	0.06293706293706294	0.05244755244755245	0.017482517482517484	0.0367
eflux	16_pre_infection_mix	Pre-infection mix	cocktail	aerobic	True	0.5802	0.1229	0.3525	0.9835	0.1783	0.3718	483	1045	0.2727272727272727	0.22727272727272727	0.7762237762237763	0.5699300699300699	0.4615
eflux	16_pre_infection_mix	Pre-infection mix	cocktail	anaerobic	True	0.5733	0.1305	0.3525	0.9831	0.1734	0.3614	479	1045	0.43356643356643354	0.22727272727272727	0.7482517482517482	0.527972027972028	0.4843
eflux	17_biotrophic_mix	Biotrophic mix	cocktail	aerobic	True	0.5745	0.1254	0.35	0.975	0.1546	0.3634	475	1045	0.33916083916083917	0.16083916083916083	0.13636363636363635	0.15034965034965034	0.1967
eflux	17_biotrophic_mix	Biotrophic mix	cocktail	anaerobic	True	0.5738	0.1396	0.3575	0.9802	0.1656	0.3589	475	1045	0.6083916083916084	0.3741258741258741	0.534965034965035	0.33916083916083917	0.4642
eflux	18_necrotrophic_mix	Necrotrophic mix	cocktail	aerobic	True	0.5765	0.1262	0.37	0.9717	0.1437	0.3547	496	1045	0.36013986013986016	0.6468531468531469	0.02097902097902098	0.04895104895104895	0.2692
eflux	18_necrotrophic_mix	Necrotrophic mix	cocktail	anaerobic	True	0.5493	0.0865	0.3375	0.9729	0.1403	0.3344	478	1045	0.0	0.08041958041958042	0.07342657342657342	0.03496503496503497	0.0472
eflux	19_pdb_baseline	PDB (baseline)	biotrophic	aerobic	True	0.5871	0.1254	0.36	0.9785	0.1679	0.3772	502	1045	0.33916083916083917	0.44405594405594406	0.4090909090909091	0.4230769230769231	0.4038
eflux	19_pdb_baseline	PDB (baseline)	biotrophic	anaerobic	True	0.5643	0.0986	0.3475	0.9769	0.1548	0.3503	482	1045	0.027972027972027972	0.13286713286713286	0.22377622377622378	0.16783216783216784	0.1381
eflux	20_pdb_half	PDB (1/2 dilution)	biotrophic	aerobic	True	0.588	0.1206	0.3625	0.9785	0.1679	0.3772	505	1045	0.24125874125874125	0.5244755244755245	0.4090909090909091	0.4230769230769231	0.3995
eflux	20_pdb_half	PDB (1/2 dilution)	biotrophic	anaerobic	True	0.5626	0.0996	0.345	0.9768	0.1543	0.3492	483	1045	0.04195804195804196	0.11538461538461539	0.2097902097902098	0.13986013986013987	0.1267
eflux	21_pdb_onetenth	PDB (1/10 dilution)	biotrophic	aerobic	True	0.5878	0.1159	0.36	0.9786	0.1684	0.3782	500	1045	0.14685314685314685	0.44405594405594406	0.42657342657342656	0.45454545454545453	0.368
eflux	21_pdb_onetenth	PDB (1/10 dilution)	biotrophic	anaerobic	True	0.5233	0.0942	0.31	0.9774	0.1441	0.3143	423	1045	0.02097902097902098	0.04195804195804196	0.2727272727272727	0.055944055944055944	0.0979
gimme	01_trehalose	Trehalose	pre-infection	aerobic	True	0.5839	0.1544	0.3675	0.9861	0.1836	0.369	475	1045	0.7202797202797203	0.6188811188811189	0.8811188811188811	0.6503496503496503	0.7177
gimme	01_trehalose	Trehalose	pre-infection	anaerobic	True	0.5783	0.1297	0.36	0.986	0.1816	0.3649	475	1045	0.4125874125874126	0.44405594405594406	0.8496503496503497	0.6048951048951049	0.5778
gimme	02_glycerol	Glycerol	pre-infection	aerobic	True	0.5852	0.1415	0.3675	0.9835	0.1778	0.3707	484	1045	0.6153846153846154	0.6188811188811189	0.7762237762237763	0.5594405594405595	0.6425
gimme	02_glycerol	Glycerol	pre-infection	anaerobic	True	0.5116	0.149	0.3175	0.9862	0.1572	0.2976	377	1045	0.6853146853146853	0.04895104895104895	0.916083916083916	0.20279720279720279	0.4633
gimme	03_palmitate	Palmitate (C16:0)	pre-infection	aerobic	True	0.5884	0.1151	0.36	0.9865	0.189	0.3805	487	1045	0.13636363636363635	0.44405594405594406	0.958041958041958	0.7342657342657343	0.5682
gimme	04_oleate	Oleate (C18:1)	pre-infection	aerobic	True	0.5845	0.1179	0.355	0.9864	0.1875	0.3773	485	1045	0.1888111888111888	0.3111888111888112	0.9475524475524476	0.7272727272727273	0.5437
gimme	05_hexacosanoate	Hexacosanoate (C26)	pre-infection	aerobic	True	0.6086	0.1351	0.3875	0.987	0.1964	0.396	505	1045	0.5524475524475524	0.7272727272727273	0.965034965034965	0.7482517482517482	0.7483
gimme	06_glucose_low	Glucose (LOW, -1)	biotrophic	aerobic	True	0.5822	0.1509	0.365	0.9861	0.1831	0.368	469	1045	0.7132867132867133	0.583916083916084	0.8811188811188811	0.6363636363636364	0.7037
gimme	06_glucose_low	Glucose (LOW, -1)	biotrophic	anaerobic	True	0.5736	0.1426	0.355	0.9858	0.1797	0.3607	467	1045	0.6328671328671329	0.3111888111888112	0.8251748251748252	0.5804195804195804	0.5874
gimme	07_sucrose_low	Sucrose (LOW, -0.5)	biotrophic	aerobic	True	0.5875	0.1584	0.375	0.9861	0.1841	0.3701	476	1045	0.7412587412587412	0.6853146853146853	0.8811188811188811	0.6643356643356644	0.743
gimme	07_sucrose_low	Sucrose (LOW, -0.5)	biotrophic	anaerobic	True	0.574	0.1427	0.3525	0.9859	0.1806	0.3628	474	1045	0.6433566433566433	0.22727272727272727	0.8321678321678322	0.5944055944055944	0.5743
gimme	08_glutamate	L-Glutamate	biotrophic	aerobic	True	0.5885	0.1458	0.3725	0.9863	0.1855	0.3732	479	1045	0.6643356643356644	0.6713286713286714	0.9370629370629371	0.6993006993006993	0.743
gimme	08_glutamate	L-Glutamate	biotrophic	anaerobic	True	0.4741	0.1234	0.265	0.9851	0.147	0.2758	345	1045	0.2937062937062937	0.0034965034965034965	0.8181818181818182	0.1048951048951049	0.3051
gimme	09_glutamine	L-Glutamine	biotrophic	aerobic	True	0.5843	0.1347	0.365	0.9862	0.1846	0.3711	478	1045	0.5454545454545454	0.583916083916084	0.916083916083916	0.6748251748251748	0.6801
gimme	09_glutamine	L-Glutamine	biotrophic	anaerobic	True	0.4693	0.1206	0.265	0.9848	0.1446	0.2706	342	1045	0.24125874125874125	0.0034965034965034965	0.8006993006993007	0.06293706293706294	0.2771
gimme	10_gaba	GABA	biotrophic	aerobic	True	0.5842	0.1579	0.37	0.9861	0.1831	0.368	476	1045	0.7342657342657343	0.6468531468531469	0.8811188811188811	0.6363636363636364	0.7247
gimme	11_galacturonate	D-Galacturonate	necrotrophic	aerobic	True	0.5873	0.13	0.37	0.9783	0.1659	0.3731	487	1045	0.42657342657342656	0.6468531468531469	0.3916083916083916	0.34965034965034963	0.4537
gimme	11_galacturonate	D-Galacturonate	necrotrophic	anaerobic	True	0.5801	0.1189	0.36	0.978	0.1633	0.3679	487	1045	0.20279720279720279	0.44405594405594406	0.35664335664335667	0.3076923076923077	0.3278
gimme	12_xylose	Xylose	necrotrophic	aerobic	True	0.5815	0.1556	0.365	0.986	0.1826	0.3669	471	1045	0.7272727272727273	0.583916083916084	0.8496503496503497	0.6223776223776224	0.6958
gimme	12_xylose	Xylose	necrotrophic	anaerobic	True	0.5833	0.1326	0.3625	0.9862	0.1846	0.3711	486	1045	0.4965034965034965	0.5244755244755245	0.916083916083916	0.6748251748251748	0.653
gimme	13_arabinose	L-Arabinose	necrotrophic	aerobic	True	0.5735	0.1269	0.3475	0.986	0.1816	0.3649	469	1045	0.38461538461538464	0.13286713286713286	0.8496503496503497	0.6048951048951049	0.493
gimme	14_maltose	Maltose (starch)	necrotrophic	aerobic	True	0.5773	0.1431	0.3575	0.9804	0.1681	0.3641	471	1045	0.6503496503496503	0.3741258741258741	0.5804195804195804	0.4405594405594406	0.5114
gimme	14_maltose	Maltose (starch)	necrotrophic	anaerobic	True	0.5832	0.1264	0.3675	0.9806	0.1696	0.3672	481	1045	0.3706293706293706	0.6188811188811189	0.6188811188811189	0.4825174825174825	0.5227
gimme	15_mixed_aa	Mixed AAs + glc	necrotrophic	aerobic	True	0.5666	0.1234	0.3575	0.9825	0.1674	0.3489	483	1045	0.2937062937062937	0.3741258741258741	0.7062937062937062	0.36713286713286714	0.4353
gimme	15_mixed_aa	Mixed AAs + glc	necrotrophic	anaerobic	True	0.5842	0.1491	0.3825	0.9886	0.1865	0.3611	496	1045	0.6923076923076923	0.7167832167832168	1.0	0.7062937062937062	0.7788
gimme	16_pre_infection_mix	Pre-infection mix	cocktail	aerobic	True	0.5812	0.129	0.355	0.9862	0.185	0.3721	489	1045	0.3986013986013986	0.3111888111888112	0.916083916083916	0.6888111888111889	0.5787
gimme	16_pre_infection_mix	Pre-infection mix	cocktail	anaerobic	True	0.5531	0.1337	0.3375	0.985	0.1704	0.341	441	1045	0.5244755244755245	0.08041958041958042	0.8111888111888111	0.493006993006993	0.4773
gimme	17_biotrophic_mix	Biotrophic mix	cocktail	aerobic	True	0.5822	0.1475	0.365	0.9861	0.1831	0.368	476	1045	0.6713286713286714	0.583916083916084	0.8811188811188811	0.6363636363636364	0.6932
gimme	17_biotrophic_mix	Biotrophic mix	cocktail	anaerobic	True	0.5789	0.1486	0.36	0.986	0.1821	0.3659	484	1045	0.6783216783216783	0.44405594405594406	0.8496503496503497	0.6153846153846154	0.6469
gimme	18_necrotrophic_mix	Necrotrophic mix	cocktail	aerobic	True	0.5802	0.1217	0.365	0.9804	0.1681	0.3641	507	1045	0.25874125874125875	0.583916083916084	0.5804195804195804	0.4405594405594406	0.4659
gimme	18_necrotrophic_mix	Necrotrophic mix	cocktail	anaerobic	True	0.581	0.1273	0.3725	0.9803	0.1666	0.361	509	1045	0.3916083916083916	0.6713286713286714	0.5454545454545454	0.35664335664335667	0.4913
gimme	19_pdb_baseline	PDB (baseline)	biotrophic	aerobic	True	0.6189	0.1442	0.395	0.9874	0.2024	0.4085	549	1045	0.6573426573426573	0.7412587412587412	0.986013986013986	0.7692307692307693	0.7885
gimme	19_pdb_baseline	PDB (baseline)	biotrophic	anaerobic	True	0.5878	0.118	0.3725	0.9862	0.185	0.3721	510	1045	0.1958041958041958	0.6713286713286714	0.916083916083916	0.6888111888111889	0.618
gimme	20_pdb_half	PDB (1/2 dilution)	biotrophic	aerobic	True	0.6094	0.1205	0.38	0.9872	0.1994	0.4023	532	1045	0.23076923076923078	0.7027972027972028	0.9755244755244755	0.7587412587412588	0.667
gimme	20_pdb_half	PDB (1/2 dilution)	biotrophic	anaerobic	True	0.5944	0.1297	0.3825	0.9864	0.187	0.3763	517	1045	0.4125874125874126	0.7167832167832168	0.9475524475524476	0.7132867132867133	0.6976
gimme	21_pdb_onetenth	PDB (1/10 dilution)	biotrophic	aerobic	True	0.6133	0.1324	0.39	0.9872	0.1994	0.4023	542	1045	0.4825174825174825	0.7342657342657343	0.9755244755244755	0.7587412587412588	0.7378
gimme	21_pdb_onetenth	PDB (1/10 dilution)	biotrophic	anaerobic	True	0.5501	0.1262	0.3375	0.9878	0.1754	0.3371	447	1045	0.36013986013986016	0.08041958041958042	0.993006993006993	0.5454545454545454	0.4948
imat	01_trehalose	Trehalose	pre-infection	aerobic	True	0.8498	0.3763	0.7525	0.979	0.2504	0.5779	766	1045	0.986013986013986	0.9475524475524476	0.46153846153846156	0.9440559440559441	0.8348
imat	01_trehalose	Trehalose	pre-infection	anaerobic	True	0.8478	0.3572	0.75	0.9789	0.2485	0.5748	783	1045	0.8951048951048951	0.9195804195804196	0.45454545454545453	0.9370629370629371	0.8016
imat	02_glycerol	Glycerol	pre-infection	aerobic	True	0.8241	0.3585	0.715	0.9639	0.184	0.5466	746	1045	0.9230769230769231	0.8146853146853147	0.0	0.6573426573426573	0.5988
imat	02_glycerol	Glycerol	pre-infection	anaerobic	True	0.683	0.3443	0.5475	0.9848	0.1943	0.405	521	1045	0.8531468531468531	0.7622377622377622	0.8006993006993007	0.7412587412587412	0.7893
imat	03_palmitate	Palmitate (C16:0)	pre-infection	aerobic	True	0.8534	0.3726	0.76	0.9807	0.2561	0.5775	775	1045	0.9790209790209791	0.9790209790209791	0.6293706293706294	0.9685314685314685	0.889
imat	04_oleate	Oleate (C18:1)	pre-infection	aerobic	True	0.8499	0.3445	0.7475	0.9778	0.2517	0.5897	805	1045	0.8601398601398601	0.8916083916083916	0.34615384615384615	0.951048951048951	0.7622
imat	05_hexacosanoate	Hexacosanoate (C26)	pre-infection	aerobic	True	0.855	0.3584	0.7575	0.9795	0.258	0.5903	794	1045	0.916083916083916	0.965034965034965	0.5034965034965035	0.9825174825174825	0.8418
imat	06_glucose_low	Glucose (LOW, -1)	biotrophic	aerobic	True	0.8541	0.3834	0.76	0.9774	0.2454	0.5794	779	1045	0.993006993006993	0.9790209790209791	0.2727272727272727	0.9230769230769231	0.792
imat	06_glucose_low	Glucose (LOW, -1)	biotrophic	anaerobic	True	0.8146	0.3491	0.7025	0.9812	0.2405	0.5408	731	1045	0.8671328671328671	0.7832167832167832	0.6573426573426573	0.8881118881118881	0.799
imat	07_sucrose_low	Sucrose (LOW, -0.5)	biotrophic	aerobic	True	0.8453	0.3941	0.75	0.9787	0.2454	0.5697	763	1045	1.0	0.9195804195804196	0.44405594405594406	0.9230769230769231	0.8217
imat	07_sucrose_low	Sucrose (LOW, -0.5)	biotrophic	anaerobic	True	0.8121	0.3722	0.705	0.9751	0.2139	0.5258	699	1045	0.972027972027972	0.7902097902097902	0.15384615384615385	0.7762237762237763	0.6731
imat	08_glutamate	L-Glutamate	biotrophic	aerobic	True	0.8348	0.3576	0.7275	0.9752	0.2322	0.5675	769	1045	0.9090909090909091	0.8531468531468531	0.16783216783216784	0.8531468531468531	0.6958
imat	08_glutamate	L-Glutamate	biotrophic	anaerobic	True	0.6029	0.2771	0.455	0.9793	0.1581	0.3434	442	1045	0.7482517482517482	0.7482517482517482	0.493006993006993	0.2097902097902098	0.5498
imat	09_glutamine	L-Glutamine	biotrophic	aerobic	True	0.8507	0.3703	0.7525	0.9792	0.2529	0.582	781	1045	0.965034965034965	0.9475524475524476	0.479020979020979	0.958041958041958	0.8374
imat	09_glutamine	L-Glutamine	biotrophic	anaerobic	True	0.6037	0.2788	0.46	0.9792	0.1571	0.3413	430	1045	0.7552447552447552	0.7552447552447552	0.479020979020979	0.1958041958041958	0.5463
imat	10_gaba	GABA	biotrophic	aerobic	True	0.8262	0.3657	0.7175	0.9781	0.2362	0.5542	738	1045	0.958041958041958	0.8251748251748252	0.3706293706293706	0.8671328671328671	0.7552
imat	11_galacturonate	D-Galacturonate	necrotrophic	aerobic	True	0.8399	0.3348	0.74	0.9787	0.2448	0.5686	766	1045	0.8321678321678322	0.8601398601398601	0.44405594405594406	0.9090909090909091	0.7614
imat	11_galacturonate	D-Galacturonate	necrotrophic	anaerobic	True	0.8256	0.3304	0.72	0.9799	0.2413	0.5527	767	1045	0.7832167832167832	0.8356643356643356	0.5174825174825175	0.8951048951048951	0.7579
imat	12_xylose	Xylose	necrotrophic	aerobic	True	0.851	0.3532	0.75	0.9811	0.2637	0.5899	795	1045	0.8811188811188811	0.9195804195804196	0.6503496503496503	1.0	0.8628
imat	12_xylose	Xylose	necrotrophic	anaerobic	True	0.8277	0.3252	0.72	0.9729	0.2179	0.5535	760	1045	0.7762237762237763	0.8356643356643356	0.07342657342657342	0.7902097902097902	0.6189
imat	13_arabinose	L-Arabinose	necrotrophic	aerobic	True	0.8563	0.3342	0.7625	0.9725	0.229	0.5817	784	1045	0.8181818181818182	0.993006993006993	0.05244755244755245	0.8321678321678322	0.674
imat	14_maltose	Maltose (starch)	necrotrophic	aerobic	True	0.8504	0.3346	0.755	0.9738	0.2296	0.573	770	1045	0.8251748251748252	0.958041958041958	0.0979020979020979	0.8391608391608392	0.6801
imat	14_maltose	Maltose (starch)	necrotrophic	anaerobic	True	0.8479	0.3407	0.7475	0.974	0.2334	0.5792	806	1045	0.8461538461538461	0.8916083916083916	0.1048951048951049	0.8601398601398601	0.6757
imat	15_mixed_aa	Mixed AAs + glc	necrotrophic	aerobic	True	0.8556	0.3243	0.76	0.9793	0.2561	0.5872	801	1045	0.7692307692307693	0.9790209790209791	0.493006993006993	0.9685314685314685	0.8024
imat	15_mixed_aa	Mixed AAs + glc	necrotrophic	anaerobic	True	0.8159	0.3534	0.71	0.9772	0.2226	0.5304	720	1045	0.8881118881118881	0.8041958041958042	0.2517482517482518	0.8146853146853147	0.6897
imat	16_pre_infection_mix	Pre-infection mix	cocktail	aerobic	True	0.8466	0.3573	0.75	0.9822	0.258	0.5708	766	1045	0.9020979020979021	0.9195804195804196	0.6888111888111889	0.9825174825174825	0.8733
imat	16_pre_infection_mix	Pre-infection mix	cocktail	anaerobic	True	0.823	0.3628	0.7225	0.9791	0.23	0.5331	718	1045	0.9440559440559441	0.8461538461538461	0.46853146853146854	0.8461538461538461	0.7762
imat	17_biotrophic_mix	Biotrophic mix	cocktail	aerobic	True	0.8456	0.3631	0.7425	0.9809	0.2592	0.5826	799	1045	0.951048951048951	0.8706293706293706	0.6433566433566433	0.993006993006993	0.8645
imat	17_biotrophic_mix	Biotrophic mix	cocktail	anaerobic	True	0.8146	0.361	0.7075	0.9772	0.2226	0.5304	714	1045	0.9370629370629371	0.7972027972027972	0.2517482517482518	0.8146853146853147	0.7002
imat	18_necrotrophic_mix	Necrotrophic mix	cocktail	aerobic	True	0.8585	0.3593	0.7725	0.9772	0.2428	0.5753	792	1045	0.9300699300699301	1.0	0.2517482517482518	0.9020979020979021	0.771
imat	18_necrotrophic_mix	Necrotrophic mix	cocktail	anaerobic	True	0.8425	0.3323	0.7425	0.9718	0.2196	0.5663	798	1045	0.8041958041958042	0.8706293706293706	0.027972027972027972	0.7972027972027972	0.625
imat	19_pdb_baseline	PDB (baseline)	biotrophic	aerobic	True	0.8483	0.3057	0.75	0.9725	0.2284	0.5807	802	1045	0.7622377622377622	0.9195804195804196	0.05244755244755245	0.8251748251748252	0.6399
imat	19_pdb_baseline	PDB (baseline)	biotrophic	anaerobic	True	0.8445	0.3317	0.745	0.9771	0.2403	0.5711	784	1045	0.7902097902097902	0.8811188811188811	0.23776223776223776	0.8811188811188811	0.6976
imat	20_pdb_half	PDB (1/2 dilution)	biotrophic	aerobic	True	0.8499	0.3406	0.75	0.9761	0.2454	0.5891	804	1045	0.8391608391608392	0.9195804195804196	0.20279720279720279	0.9230769230769231	0.7212
imat	20_pdb_half	PDB (1/2 dilution)	biotrophic	anaerobic	True	0.8137	0.3331	0.7	0.9758	0.2221	0.5402	736	1045	0.8111888111888111	0.7762237762237763	0.1853146853146853	0.8041958041958042	0.6442
imat	21_pdb_onetenth	PDB (1/10 dilution)	biotrophic	aerobic	True	0.8239	0.3498	0.715	0.9782	0.2368	0.5552	756	1045	0.8741258741258742	0.8146853146853147	0.38461538461538464	0.8741258741258742	0.7369
imat	21_pdb_onetenth	PDB (1/10 dilution)	biotrophic	anaerobic	True	0.8091	0.332	0.6975	0.9753	0.2157	0.5289	718	1045	0.7972027972027972	0.7692307692307693	0.17482517482517482	0.7832167832167832	0.6311
pfba	01_trehalose	Trehalose	pre-infection	aerobic	True	0.5757	0.1394	0.355	0.9804	0.1676	0.3631	467	1045	0.6013986013986014	0.3111888111888112	0.5804195804195804	0.3951048951048951	0.472
pfba	01_trehalose	Trehalose	pre-infection	anaerobic	True	0.5712	0.1242	0.3525	0.9829	0.1719	0.3583	469	1045	0.3146853146853147	0.22727272727272727	0.7307692307692307	0.513986013986014	0.4467
pfba	02_glycerol	Glycerol	pre-infection	aerobic	True	0.5769	0.1366	0.36	0.9776	0.1603	0.3617	466	1045	0.5804195804195804	0.44405594405594406	0.3041958041958042	0.24125874125874125	0.3925
pfba	02_glycerol	Glycerol	pre-infection	anaerobic	True	0.4991	0.1363	0.305	0.9823	0.1455	0.2879	357	1045	0.5734265734265734	0.03146853146853147	0.6993006993006993	0.0979020979020979	0.3505
pfba	03_palmitate	Palmitate (C16:0)	pre-infection	aerobic	True	0.5855	0.1209	0.3575	0.9784	0.1674	0.3762	481	1045	0.2517482517482518	0.3741258741258741	0.3986013986013986	0.36713286713286714	0.3479
pfba	04_oleate	Oleate (C18:1)	pre-infection	aerobic	True	0.5802	0.1098	0.3525	0.9781	0.1648	0.371	485	1045	0.08391608391608392	0.22727272727272727	0.3706293706293706	0.32867132867132864	0.2526
pfba	05_hexacosanoate	Hexacosanoate (C26)	pre-infection	aerobic	True	0.6026	0.1235	0.38	0.9843	0.1872	0.3904	497	1045	0.3076923076923077	0.7027972027972028	0.7902097902097902	0.7202797202797203	0.6302
pfba	06_glucose_low	Glucose (LOW, -1)	biotrophic	aerobic	True	0.5776	0.1426	0.36	0.9777	0.1608	0.3627	463	1045	0.6328671328671329	0.44405594405594406	0.32867132867132864	0.2727272727272727	0.4196
pfba	06_glucose_low	Glucose (LOW, -1)	biotrophic	anaerobic	True	0.5691	0.1362	0.3525	0.9828	0.1704	0.3551	460	1045	0.5664335664335665	0.22727272727272727	0.7167832167832168	0.493006993006993	0.5009
pfba	07_sucrose_low	Sucrose (LOW, -0.5)	biotrophic	aerobic	True	0.5799	0.1505	0.3625	0.9778	0.1618	0.3648	467	1045	0.7062937062937062	0.5244755244755245	0.34615384615384615	0.2937062937062937	0.4677
pfba	07_sucrose_low	Sucrose (LOW, -0.5)	biotrophic	anaerobic	True	0.5698	0.1323	0.3525	0.9828	0.1709	0.3562	463	1045	0.47202797202797203	0.22727272727272727	0.7167832167832168	0.5034965034965035	0.4799
pfba	08_glutamate	L-Glutamate	biotrophic	aerobic	True	0.5795	0.1323	0.365	0.9804	0.1676	0.3631	472	1045	0.47202797202797203	0.583916083916084	0.5804195804195804	0.3951048951048951	0.5079
pfba	09_glutamine	L-Glutamine	biotrophic	aerobic	True	0.5792	0.1309	0.3625	0.9804	0.1681	0.3641	476	1045	0.44755244755244755	0.5244755244755245	0.5804195804195804	0.4405594405594406	0.4983
pfba	10_gaba	GABA	biotrophic	aerobic	True	0.5757	0.1316	0.3625	0.9719	0.1453	0.3578	467	1045	0.45454545454545453	0.5244755244755245	0.03496503496503497	0.07692307692307693	0.2727
pfba	11_galacturonate	D-Galacturonate	necrotrophic	aerobic	True	0.5787	0.1219	0.36	0.9751	0.1556	0.3654	477	1045	0.26573426573426573	0.44405594405594406	0.15384615384615385	0.1888111888111888	0.2631
pfba	11_galacturonate	D-Galacturonate	necrotrophic	anaerobic	True	0.574	0.111	0.355	0.9776	0.1603	0.3617	477	1045	0.09090909090909091	0.3111888111888112	0.3041958041958042	0.24125874125874125	0.2369
pfba	12_xylose	Xylose	necrotrophic	aerobic	True	0.5747	0.1256	0.3525	0.9777	0.1608	0.3627	464	1045	0.34965034965034963	0.22727272727272727	0.32867132867132864	0.2727272727272727	0.2946
pfba	12_xylose	Xylose	necrotrophic	anaerobic	True	0.5747	0.1203	0.3525	0.9831	0.1743	0.3634	473	1045	0.22377622377622378	0.22727272727272727	0.7482517482517482	0.5384615384615384	0.4344
pfba	13_arabinose	L-Arabinose	necrotrophic	aerobic	True	0.5728	0.1231	0.3475	0.9804	0.1676	0.3631	466	1045	0.27972027972027974	0.13286713286713286	0.5804195804195804	0.3951048951048951	0.347
pfba	14_maltose	Maltose (starch)	necrotrophic	aerobic	True	0.5789	0.1342	0.36	0.9751	0.1551	0.3644	469	1045	0.5384615384615384	0.44405594405594406	0.15384615384615385	0.18181818181818182	0.3295
pfba	14_maltose	Maltose (starch)	necrotrophic	anaerobic	True	0.5738	0.1243	0.3575	0.9774	0.1588	0.3585	469	1045	0.32517482517482516	0.3741258741258741	0.2727272727272727	0.21678321678321677	0.2972
pfba	15_mixed_aa	Mixed AAs + glc	necrotrophic	aerobic	True	0.5635	0.117	0.355	0.9737	0.1454	0.3447	483	1045	0.17482517482517482	0.3111888111888112	0.08741258741258741	0.08741258741258741	0.1652
pfba	15_mixed_aa	Mixed AAs + glc	necrotrophic	anaerobic	True	0.5455	0.0991	0.3375	0.9725	0.1378	0.3292	458	1045	0.03496503496503497	0.08041958041958042	0.05244755244755245	0.017482517482517484	0.0463
pfba	16_pre_infection_mix	Pre-infection mix	cocktail	aerobic	True	0.5812	0.1234	0.355	0.9835	0.1783	0.3718	483	1045	0.2937062937062937	0.3111888111888112	0.7762237762237763	0.5699300699300699	0.4878
pfba	16_pre_infection_mix	Pre-infection mix	cocktail	anaerobic	True	0.5743	0.1307	0.355	0.9831	0.1734	0.3614	479	1045	0.4405594405594406	0.3111888111888112	0.7482517482517482	0.527972027972028	0.507
pfba	17_biotrophic_mix	Biotrophic mix	cocktail	aerobic	True	0.5784	0.1334	0.355	0.9833	0.1763	0.3676	476	1045	0.5174825174825175	0.3111888111888112	0.7622377622377622	0.5524475524475524	0.5358
pfba	17_biotrophic_mix	Biotrophic mix	cocktail	anaerobic	True	0.5757	0.1423	0.3625	0.9802	0.1656	0.3589	477	1045	0.6223776223776224	0.5244755244755245	0.534965034965035	0.33916083916083917	0.5052
pfba	18_necrotrophic_mix	Necrotrophic mix	cocktail	aerobic	True	0.5762	0.1126	0.37	0.9663	0.1307	0.355	504	1045	0.11188811188811189	0.6468531468531469	0.006993006993006993	0.0	0.1914
pfba	18_necrotrophic_mix	Necrotrophic mix	cocktail	anaerobic	True	0.5501	0.0907	0.34	0.9701	0.1339	0.3351	478	1045	0.006993006993006993	0.0979020979020979	0.013986013986013986	0.006993006993006993	0.0315
pfba	19_pdb_baseline	PDB (baseline)	biotrophic	aerobic	True	0.5884	0.1151	0.3625	0.9786	0.1689	0.3793	505	1045	0.13636363636363635	0.5244755244755245	0.42657342657342656	0.46503496503496505	0.3881
pfba	19_pdb_baseline	PDB (baseline)	biotrophic	anaerobic	True	0.5652	0.1024	0.3525	0.9769	0.1548	0.3503	484	1045	0.04895104895104895	0.22727272727272727	0.22377622377622378	0.16783216783216784	0.167
pfba	20_pdb_half	PDB (1/2 dilution)	biotrophic	aerobic	True	0.5884	0.1167	0.3625	0.9786	0.1689	0.3793	505	1045	0.16783216783216784	0.5244755244755245	0.42657342657342656	0.46503496503496505	0.396
pfba	20_pdb_half	PDB (1/2 dilution)	biotrophic	anaerobic	True	0.5652	0.1044	0.3525	0.9769	0.1548	0.3503	482	1045	0.055944055944055944	0.22727272727272727	0.22377622377622378	0.16783216783216784	0.1687
pfba	21_pdb_onetenth	PDB (1/10 dilution)	biotrophic	aerobic	True	0.5878	0.1166	0.3625	0.9759	0.1617	0.3778	503	1045	0.16083916083916083	0.5244755244755245	0.1958041958041958	0.2867132867132867	0.292
pfba	21_pdb_onetenth	PDB (1/10 dilution)	biotrophic	anaerobic	True	0.5294	0.1068	0.32	0.9808	0.1527	0.3178	426	1045	0.06293706293706294	0.055944055944055944	0.6363636363636364	0.11888111888111888	0.2185
