gene	ko_id	uniprot_chig_id	logFC_half_vs_PDA	adjP_half_vs_PDA	logFC_onetenth_vs_PDA	adjP_onetenth_vs_PDA	logFC_onetenth_vs_half	adjP_onetenth_vs_half	sig_half_vs_PDA	sig_onetenth_vs_PDA	sig_onetenth_vs_half
gene_8063	K01809	tr|A0A1B7YL05|A0A1B7YL05_COLHI	0.4053	0.4376	-0.9594	0.0171	-1.3647	0.0024	False	False	True
gene_3178	K01483	tr|A0A1B7Y6X3|A0A1B7Y6X3_COLHI	-0.0891	0.8223	0.3946	0.1236	0.4838	0.063	False	False	False
gene_10191	K04567	tr|H1V8F6|H1V8F6_COLHI	-0.0947	0.7956	-0.0171	0.9471	0.0776	0.7634	False	False	False
gene_5065	K03782	tr|A0A1B7YCI5|A0A1B7YCI5_COLHI	-1.5296	0.105	-2.0138	0.0094	-0.4842	0.487	False	True	False
gene_2036	K00147	tr|H1VBJ7|H1VBJ7_COLHI	-0.1325	0.8556	-0.9987	0.0347	-0.8663	0.0606	False	False	False
gene_9091	K00759	tr|H1VKV4|H1VKV4_COLHI	-0.2076	0.6836	-0.6038	0.087	-0.3962	0.2501	False	False	False
gene_5732		tr|A0A1B7YPL3|A0A1B7YPL3_COLHI	0.6995	0.1858	-0.7294	0.0675	-1.4289	0.0026	False	False	True
gene_8865	K07748	tr|H1VMR2|H1VMR2_COLHI	-0.503	0.4058	0.31	0.4873	0.813	0.0649	False	False	False
gene_9051	K13303	tr|H1VJR0|H1VJR0_COLHI	-0.3939	0.6691	-0.4267	0.5099	-0.0328	0.9633	False	False	False
gene_8838	K00605	tr|H1UVZ2|H1UVZ2_COLHI	0.9954	0.216	0.2689	0.6663	-0.7265	0.215	False	False	False
gene_7353	K17267	tr|H1V304|H1V304_COLHI	-0.1928	0.5223	0.2315	0.2748	0.4243	0.0505	False	False	False
gene_2414	K09522	tr|H1UY34|H1UY34_COLHI	0.1606	0.6833	-0.2773	0.3078	-0.4379	0.1052	False	False	False
gene_598	K11788	tr|A0A1B7YP86|A0A1B7YP86_COLHI	0.3417	0.1827	-0.1235	0.5265	-0.4652	0.022	False	False	False
gene_5400	K07513	tr|H1UWX2|H1UWX2_COLHI	0.1021	0.8434	0.7615	0.0278	0.6594	0.0502	False	False	False
gene_1935	K07513	tr|H1UXQ2|H1UXQ2_COLHI	-0.5372	0.3854	-2.1863	0.0006	-1.6491	0.0022	False	True	True
gene_7247	K13525	tr|A0A1B7YNM2|A0A1B7YNM2_COLHI	-0.0877	0.7869	-0.196	0.3637	-0.1083	0.6222	False	False	False
gene_159	K00766	tr|H1V3Q6|H1V3Q6_COLHI	-0.2518	0.7899	-1.1393	0.0695	-0.8875	0.149	False	False	False
gene_3281		tr|H1V7W0|H1V7W0_COLHI	0.953	0.4161	0.9812	0.2819	0.0282	0.9791	False	False	False
gene_10589	K11262	tr|A0A1B7YRM9|A0A1B7YRM9_COLHI	1.0896	0.1575	-1.4577	0.019	-2.5473	0.0008	False	True	True
gene_4744	K15109	tr|H1VSD3|H1VSD3_COLHI	0.3962	0.6637	2.6821	0.0014	2.2859	0.0025	False	True	True
gene_3336	K19572	tr|H1V4C9|H1V4C9_COLHI	-0.3847	0.2808	-0.845	0.006	-0.4603	0.0827	False	False	False
gene_9170	K00866	tr|A0A1B7Y8T4|A0A1B7Y8T4_COLHI	0.1956	0.5223	0.3315	0.1233	0.1359	0.5344	False	False	False
gene_5274	K00972	tr|H1VKB7|H1VKB7_COLHI	-0.3305	0.4191	-0.5819	0.0518	-0.2514	0.3879	False	False	False
gene_11046	K14833	tr|A0A1B7YDF6|A0A1B7YDF6_COLHI	0.8928	0.1423	1.6635	0.0043	0.7708	0.1078	False	True	False
gene_8118	K00852	tr|H1UVR2|H1UVR2_COLHI	0.1919	0.6302	-0.0447	0.8889	-0.2366	0.3935	False	False	False
gene_3110	K10675	tr|H1UVV2|H1UVV2_COLHI	-0.6991	0.7983	-5.3449	0.0089	-4.6458	0.0172	False	True	True
gene_4566	K08681	tr|A0A1B7YWX8|A0A1B7YWX8_COLHI	-0.6261	0.5777	-0.4698	0.5573	0.1563	0.8572	False	False	False
gene_6315	K01874	tr|H1V614|H1V614_COLHI	-0.437	0.1206	-0.1389	0.5158	0.2981	0.1511	False	False	False
gene_8021	K12492	tr|A0A1B7YKJ0|A0A1B7YKJ0_COLHI	0.064	0.8489	-0.2561	0.2269	-0.3202	0.1287	False	False	False
gene_2608	K00294	tr|H1VKJ2|H1VKJ2_COLHI	-0.0376	0.9403	-0.5843	0.0528	-0.5467	0.0672	False	False	False
gene_2594	K01537	tr|A0A1B7YUN2|A0A1B7YUN2_COLHI	0.6706	0.7419	-1.6984	0.24	-2.369	0.1025	False	False	False
gene_10907	K01764	tr|A0A1B7XU66|A0A1B7XU66_COLHI							False	False	False
gene_2345	K01951	tr|A0A1B7YSD1|A0A1B7YSD1_COLHI	0.7064	0.0948	0.4436	0.1484	-0.2629	0.3907	False	False	False
gene_2331	K14729	tr|A0A1B7YA66|A0A1B7YA66_COLHI	-0.084	0.8233	0.1375	0.5832	0.2215	0.362	False	False	False
gene_5332		tr|A0A1B7YD19|A0A1B7YD19_COLHI	-0.0533	0.9512	-0.0812	0.8942	-0.0279	0.9632	False	False	False
gene_808	K02152	tr|A0A1B7Y766|A0A1B7Y766_COLHI	0.3864	0.4095	-0.5095	0.1287	-0.8959	0.0139	False	False	False
gene_367	K00804	tr|H1VKN0|H1VKN0_COLHI	-0.9517	0.0441	-1.2739	0.0022	-0.3223	0.313	False	True	False
gene_168	K03146	tr|H1VXX5|H1VXX5_COLHI	0.9837	0.0708	-1.6399	0.0015	-2.6236	0.0001	False	True	True
gene_1974	K11434	tr|A0A1B7XZ78|A0A1B7XZ78_COLHI	0.274	0.5567	-0.2494	0.4541	-0.5234	0.1091	False	False	False
gene_1776	K00616	tr|H1VVY2|H1VVY2_COLHI	0.3322	0.6777	-1.1615	0.0405	-1.4937	0.0126	False	True	True
gene_7404	K11665	tr|A0A1B7XWF0|A0A1B7XWF0_COLHI	0.2035	0.5473	0.408	0.0859	0.2045	0.3845	False	False	False
gene_11426	K01875	tr|A0A1B7Y6N2|A0A1B7Y6N2_COLHI	-0.0414	0.885	-0.2353	0.1813	-0.1939	0.2644	False	False	False
gene_12607	K00128	tr|A0A1B7Y5F9|A0A1B7Y5F9_COLHI	-0.1716	0.6961	-1.1894	0.0022	-1.0178	0.0039	False	True	True
gene_12874	K01900	tr|H1VP37|H1VP37_COLHI	-0.3538	0.2201	-0.0181	0.938	0.3357	0.1157	False	False	False
gene_1950	K01892	tr|A0A1B7YTT8|A0A1B7YTT8_COLHI	0.5331	0.1874	-0.1855	0.5469	-0.7186	0.024	False	False	False
gene_7927	K00948	tr|A0A1B7Y2P2|A0A1B7Y2P2_COLHI	0.8715	0.0793	1.2464	0.0042	0.3749	0.2915	False	True	False
gene_11813	K17819	tr|A0A1B7Y792|A0A1B7Y792_COLHI	0.3864	0.5545	0.5721	0.2102	0.1858	0.6994	False	False	False
gene_1757	K21456	tr|A0A1B7YPJ0|A0A1B7YPJ0_COLHI	0.2089	0.6027	-1.287	0.0009	-1.4959	0.0003	False	True	True
gene_4705		tr|H1VIJ6|H1VIJ6_COLHI	0.3563	0.7743	3.0234	0.003	2.6671	0.0049	False	True	True
gene_10255	K00234	tr|A0A1B7YTR8|A0A1B7YTR8_COLHI	-0.0589	0.9102	-0.0178	0.9573	0.0411	0.9055	False	False	False
gene_6824	K00763	tr|A0A1B7YEE2|A0A1B7YEE2_COLHI	0.1495	0.771	-1.1653	0.0043	-1.3148	0.0017	False	True	True
gene_7762	K00797	tr|A0A1B7Y5T7|A0A1B7Y5T7_COLHI	0.0625	0.8837	0.4555	0.0853	0.393	0.1312	False	False	False
gene_5898	K01869	tr|A0A1B7Y343|A0A1B7Y343_COLHI	0.6289	0.0611	0.4477	0.0611	-0.1813	0.4402	False	False	False
gene_8784	K25880	tr|H1UVF3|H1UVF3_COLHI	-0.367	0.4132	-0.1392	0.678	0.2278	0.4795	False	False	False
gene_2689	K00549	tr|A0A1B7YUL4|A0A1B7YUL4_COLHI	-0.0029	0.9925	-0.1585	0.5769	-0.1556	0.5819	False	False	False
gene_4003	K10401	tr|H1V4K4|H1V4K4_COLHI	-0.6562	0.646					False	False	False
gene_3527	K16302	tr|H1VWI4|H1VWI4_COLHI	0.3963	0.3497	0.2219	0.4842	-0.1744	0.5797	False	False	False
gene_1542	K01952	tr|A0A1B7YIX1|A0A1B7YIX1_COLHI	0.1342	0.6962	-0.2959	0.2102	-0.4301	0.073	False	False	False
gene_8746	K00939	tr|A0A1B7XUX6|A0A1B7XUX6_COLHI	-0.0208	0.9664	-0.8411	0.0094	-0.8203	0.0101	False	False	False
gene_6154	K01115	tr|A0A1B7Y6L5|A0A1B7Y6L5_COLHI	0.4374	0.7728	-0.7322	0.4762	-1.1696	0.2351	False	False	False
gene_8310	K00143	tr|H1VSI0|H1VSI0_COLHI	0.5033	0.1087	0.7873	0.0044	0.284	0.2109	False	False	False
gene_8846	K00868	tr|A0A1B7YTS4|A0A1B7YTS4_COLHI	0.688	0.2506	-0.0861	0.8649	-0.7741	0.0849	False	False	False
gene_7697	K02135	tr|H1VL64|H1VL64_COLHI					0.5222	0.5995	False	False	False
gene_7923	K00767	tr|A0A1B7Y8C7|A0A1B7Y8C7_COLHI	0.1427	0.7323	0.085	0.7792	-0.0577	0.8515	False	False	False
gene_4658	K22438	tr|A0A1B7YDS1|A0A1B7YDS1_COLHI	-0.502	0.3229	-0.7363	0.0648	-0.2343	0.5568	False	False	False
gene_9972	K01942	tr|A0A1B7YFY7|A0A1B7YFY7_COLHI	0.0753	0.9397	1.1983	0.0432	1.123	0.055	False	True	False
gene_6854	K00762	tr|H1W190|H1W190_COLHI	0.0801	0.8939	0.6744	0.0666	0.5943	0.102	False	False	False
gene_9039	K02212	tr|H1VND9|H1VND9_COLHI	0.8869	0.0739	0.9002	0.0194	0.0134	0.9749	False	False	False
gene_1865	K00888	tr|A0A1B7XZF2|A0A1B7XZF2_COLHI	0.6721	0.4232	0.5419	0.3696	-0.1301	0.8428	False	False	False
gene_5001	K00749	tr|A0A1B7YG28|A0A1B7YG28_COLHI	0.9876	0.4215	-1.3604	0.1441	-2.348	0.0192	False	False	True
gene_11385	K07512	tr|A0A1B7Y9S1|A0A1B7Y9S1_COLHI	0.2538	0.6637	-0.9735	0.0227	-1.2273	0.0067	False	False	True
gene_5786	K01803	tr|H1V2C4|H1V2C4_COLHI	-0.095	0.8246	0.0059	0.982	0.1009	0.7336	False	False	False
gene_3021	K00295	tr|H1VCR0|H1VCR0_COLHI	0.3583	0.5367	1.1738	0.0099	0.8155	0.0507	False	True	False
gene_9268	K00457	tr|H1V727|H1V727_COLHI	-0.9018	0.2501	-1.646	0.0109	-0.7442	0.1955	False	True	False
gene_5682	K01953	tr|A0A1B7Y5J2|A0A1B7Y5J2_COLHI	0.2085	0.6084	-0.0864	0.7794	-0.2949	0.2916	False	False	False
gene_3801	K15394	tr|A0A1B7XQE4|A0A1B7XQE4_COLHI	-1.0323	0.468	-1.2897	0.2016	-0.2573	0.8144	False	False	False
gene_8788	K00413	tr|A0A1B7YUA9|A0A1B7YUA9_COLHI	0.0427	0.8886	-0.2961	0.1156	-0.3388	0.0749	False	False	False
gene_4358	K00033	tr|H1VED3|H1VED3_COLHI	-0.1467	0.6947	-0.7963	0.0069	-0.6496	0.018	False	False	False
gene_9650		tr|H1VLG1|H1VLG1_COLHI	0.4721	0.3536	0.6057	0.1036	0.1336	0.7336	False	False	False
gene_1379	K17066	tr|A0A1B7XRE5|A0A1B7XRE5_COLHI	-2.9134	0.0969	-1.0872	0.4002	1.8262	0.1485	False	False	False
gene_7676	K00128	tr|A0A1B7XXI2|A0A1B7XXI2_COLHI	-0.6343	0.2555	-1.7773	0.0014	-1.143	0.0116	False	True	True
gene_2621	K05607	tr|A0A1B7YW25|A0A1B7YW25_COLHI	0.5718	0.2784	0.222	0.5785	-0.3499	0.3658	False	False	False
gene_1228	K00276	tr|A0A1B7Y8E9|A0A1B7Y8E9_COLHI	-0.483	0.1457	-0.1648	0.5156	0.3182	0.1941	False	False	False
gene_9231	K01858	tr|A0A1B7Y6M0|A0A1B7Y6M0_COLHI	2.187	0.0616	-2.1636	0.016	-4.3506	0.0003	False	True	True
gene_5199	K03885	tr|H1UWG2|H1UWG2_COLHI	0.1708	0.5686	0.1702	0.4244	-0.0007	0.9976	False	False	False
gene_10947	K02938	tr|H1VDL7|H1VDL7_COLHI	-0.3495	0.2205	-0.5091	0.0238	-0.1596	0.4518	False	False	False
gene_4548	K01738	tr|A0A1B7YQE7|A0A1B7YQE7_COLHI	0.4766	0.1743	0.1812	0.4977	-0.2954	0.2496	False	False	False
gene_6894	K01652	tr|H1VAC7|H1VAC7_COLHI	0.0373	0.9451	1.3068	0.0021	1.2695	0.0017	False	True	True
gene_5039	K01689	tr|A0A1B7YV35|A0A1B7YV35_COLHI	0.0654	0.9385	-1.6002	0.0051	-1.6656	0.0034	False	True	True
gene_5380	K00262	tr|H1VBL2|H1VBL2_COLHI	2.2076	0.0977					False	False	False
gene_5143	K00327	tr|H1UVQ9|H1UVQ9_COLHI	-0.0025	0.9925	0.4885	0.0375	0.491	0.0367	False	False	False
gene_10958	K01694	tr|A0A1B7YB85|A0A1B7YB85_COLHI	1.2913	0.08	0.3304	0.5472	-0.961	0.0769	False	False	False
gene_7443	K13830	tr|H1W177|H1W177_COLHI	0.6189	0.0969	0.5505	0.0478	-0.0684	0.8152	False	False	False
gene_10617		tr|H1VDC0|H1VDC0_COLHI	0.1751	0.8406	-1.9136	0.0042	-2.0887	0.0021	False	True	True
gene_12299	K00688	tr|H1VST3|H1VST3_COLHI	0.0083	0.9899	-1.3376	0.0103	-1.3459	0.0096	False	True	True
gene_2321	K00671	tr|H1VPS7|H1VPS7_COLHI	-0.7437	0.0345	-0.3625	0.1182	0.3812	0.1007	False	False	False
gene_1801	K09490	tr|A0A1B7YC11|A0A1B7YC11_COLHI	0.1949	0.5243	-0.1977	0.3631	-0.3925	0.0721	False	False	False
gene_7017	K17560	tr|H1UYU8|H1UYU8_COLHI	-0.1225	0.9213	-0.7524	0.3288	-0.6299	0.4104	False	False	False
gene_5166	K07390	tr|H1UXE2|H1UXE2_COLHI	-0.256	0.5973	-1.5364	0.001	-1.2804	0.0019	False	True	True
gene_9272	K18798	tr|A0A1B7YAA8|A0A1B7YAA8_COLHI	-0.5154	0.5259	0.3946	0.5002	0.9101	0.0941	False	False	False
gene_6712	K04802	tr|H1UWD1|H1UWD1_COLHI	0.693	0.3133	-1.0782	0.0378	-1.7711	0.003	False	True	True
gene_1565	K02140	tr|H1UVF4|H1UVF4_COLHI	0.2466	0.7983	-1.0068	0.1143	-1.2534	0.0534	False	False	False
gene_2458		tr|H1V0I2|H1V0I2_COLHI	0.1237	0.7344	-0.0177	0.9466	-0.1414	0.5709	False	False	False
gene_2602	K03934	tr|A0A1B7Y208|A0A1B7Y208_COLHI	-0.0478	0.9167	0.4707	0.0806	0.5185	0.0566	False	False	False
gene_12617	K02886	tr|H1UZA2|H1UZA2_COLHI	0.7869	0.4692					False	False	False
gene_8106	K01897	tr|H1V862|H1V862_COLHI	0.3759	0.3489	0.9945	0.0043	0.6186	0.0391	False	False	False
gene_1203	K14676	tr|H1VY66|H1VY66_COLHI	0.0503	0.9429	1.2441	0.009	1.1937	0.0105	False	True	True
gene_10515	K06027	tr|H1UVG2|H1UVG2_COLHI	0.2688	0.6349	-0.2189	0.5894	-0.4876	0.2074	False	False	False
gene_11047	K01649	tr|A0A1B7YVF9|A0A1B7YVF9_COLHI	-0.285	0.6754	-0.4345	0.3573	-0.1496	0.7642	False	False	False
gene_11790	K00121	tr|A0A1B7Y5D5|A0A1B7Y5D5_COLHI	-0.9812	0.0616	-0.4849	0.187	0.4963	0.173	False	False	False
gene_10825	K01501	tr|A0A1B7Y3X6|A0A1B7Y3X6_COLHI	-0.0276	0.9537	0.0183	0.9537	0.0459	0.8883	False	False	False
gene_4455	K00029	tr|A0A1B7YCI1|A0A1B7YCI1_COLHI	0.0353	0.9537	-1.9168	0.0005	-1.9522	0.0003	False	True	True
gene_1838	K00167	tr|H1VDH2|H1VDH2_COLHI	0.0365	0.9349	-0.6539	0.0155	-0.6904	0.0113	False	False	False
gene_12618	K01893	tr|H1V534|H1V534_COLHI	0.2191	0.5836	-0.0541	0.8644	-0.2732	0.3192	False	False	False
gene_5629	K03943	tr|H1UZI8|H1UZI8_COLHI	-0.2355	0.5479	-0.1615	0.5639	0.074	0.8029	False	False	False
gene_1225	K13421	tr|H1VUH4|H1VUH4_COLHI	0.2819	0.771	-1.2738	0.0521	-1.5557	0.022	False	False	True
gene_11837	K01568	tr|A0A1B7YIA1|A0A1B7YIA1_COLHI	-1.272	0.1893	-0.1376	0.8733	1.1344	0.1348	False	False	False
gene_356	K17741	tr|H1VGR0|H1VGR0_COLHI	-0.0291	0.9403	-0.626	0.0136	-0.5968	0.0168	False	False	False
gene_9121	K02433	tr|A0A1B7Y9C8|A0A1B7Y9C8_COLHI	0.029	0.9758					False	False	False
gene_6589	K01610	tr|A0A1B7YFE9|A0A1B7YFE9_COLHI	-0.046	0.9403	-1.9006	0.0004	-1.8546	0.0003	False	True	True
gene_2309	K01955	tr|A0A1B7YA99|A0A1B7YA99_COLHI	0.4351	0.2994	1.0804	0.0039	0.6453	0.0413	False	True	False
gene_3969	K01955	tr|H1UXH8|H1UXH8_COLHI	0.3445	0.2959	0.1072	0.67	-0.2373	0.3198	False	False	False
gene_2255	K00281	tr|A0A1B7Y8B6|A0A1B7Y8B6_COLHI	0.1001	0.8806	-1.0833	0.0155	-1.1834	0.0095	False	True	True
gene_10142	K01809	tr|H1V4Z2|H1V4Z2_COLHI	0.0566	0.8737	-1.2551	0.0003	-1.3117	0.0002	False	True	True
gene_8058	K02263	tr|H1V9L9|H1V9L9_COLHI	-0.387	0.419	0.6665	0.0561	1.0535	0.0065	False	False	True
gene_1463	K07203	tr|H1UX49|H1UX49_COLHI	0.0452	0.9423	0.4255	0.2576	0.3802	0.3063	False	False	False
gene_2026	K03065	tr|H1UVW1|H1UVW1_COLHI	-0.1408	0.6408	-0.1678	0.4309	-0.027	0.9086	False	False	False
gene_6014	K01074	tr|H1UYB7|H1UYB7_COLHI	0.2858	0.4846	-0.8954	0.0073	-1.1811	0.0014	False	False	True
gene_5993	K10357	tr|A0A1B7YJD7|A0A1B7YJD7_COLHI	0.7951	0.0559	0.5673	0.0525	-0.2278	0.4253	False	False	False
gene_619	K01823	tr|H1VBU0|H1VBU0_COLHI	-0.1623	0.6855	-0.1648	0.56	-0.0026	0.9947	False	False	False
gene_12215	K01855	tr|A0A1B7Y1Z6|A0A1B7Y1Z6_COLHI	-0.5813	0.5865	-2.3251	0.0094	-1.7438	0.0348	False	True	True
gene_3137	K01915	tr|A0A1B7Y5J0|A0A1B7Y5J0_COLHI	0.8444	0.1176	-0.2477	0.5446	-1.0921	0.0122	False	False	True
gene_3348	K01078	tr|H1W0U1|H1W0U1_COLHI	-0.0778	0.9423	-1.5092	0.0273	-1.4314	0.0344	False	True	True
gene_2219	K14792	tr|A0A1B7YMU8|A0A1B7YMU8_COLHI	0.502	0.2539	-0.3734	0.2532	-0.8754	0.0137	False	False	False
gene_11358	K00031	tr|H1VCB5|H1VCB5_COLHI	-0.3389	0.6654	0.8091	0.1335	1.148	0.0397	False	False	True
gene_7657	K00658	tr|H1VH48|H1VH48_COLHI	0.0966	0.8223	-0.4735	0.0893	-0.5701	0.0451	False	False	False
gene_117		tr|A0A1B7XSF2|A0A1B7XSF2_COLHI	-3.757	0.0403	-1.8219	0.1369	1.9351	0.1134	True	False	False
gene_8289	K12882	tr|H1VKL0|H1VKL0_COLHI	0.2437	0.5497	0.3504	0.2163	0.1067	0.7212	False	False	False
gene_9169	K01915	tr|A0A1B7Y5R0|A0A1B7Y5R0_COLHI	0.5238	0.1041	0.3986	0.0919	-0.1252	0.6036	False	False	False
gene_9892	K16066	tr|A0A1B7YAC1|A0A1B7YAC1_COLHI	-0.345	0.3497	-0.1409	0.6112	0.2041	0.4458	False	False	False
gene_6907	K02146	tr|H1V6V5|H1V6V5_COLHI	-0.0211	0.9539	0.0283	0.914	0.0494	0.8411	False	False	False
gene_10931	K13800	tr|A0A1B7YUD7|A0A1B7YUD7_COLHI	0.1204	0.7398	0.4718	0.0568	0.3514	0.1443	False	False	False
gene_1855	K21797	tr|A0A1B7YD06|A0A1B7YD06_COLHI	0.0846	0.9015	0.736	0.0777	0.6515	0.1139	False	False	False
gene_7620	K00850	tr|A0A1B7YA39|A0A1B7YA39_COLHI	0.0572	0.8952	-0.1595	0.5557	-0.2166	0.413	False	False	False
gene_12451	K01958	tr|A0A1B7XY13|A0A1B7XY13_COLHI	-0.1038	0.8798	-1.4903	0.0039	-1.3865	0.0047	False	True	True
gene_205	K01880	tr|H1V832|H1V832_COLHI	0.1326	0.7216	-0.6462	0.017	-0.7788	0.0062	False	False	False
gene_73	K01536	tr|H1VDT4|H1VDT4_COLHI							False	False	False
gene_1548	K00928	tr|A0A1B7YJ67|A0A1B7YJ67_COLHI	-0.4152	0.6694	-0.5241	0.5068	-0.1089	0.8996	False	False	False
gene_11062		tr|A0A1B7YWW1|A0A1B7YWW1_COLHI	-1.1638	0.2425	-1.8374	0.0206	-0.6736	0.362	False	True	False
gene_1132	K03028	tr|A0A1B7YKV7|A0A1B7YKV7_COLHI	-0.0755	0.8316	-0.1625	0.4903	-0.087	0.7196	False	False	False
gene_4076	K06215	tr|A0A1B7YXG5|A0A1B7YXG5_COLHI	0.245	0.5854	-0.8633	0.0121	-1.1083	0.0029	False	False	True
gene_3187	K02141	tr|H1V6C7|H1V6C7_COLHI	-0.4351	0.7934	-1.0872	0.3217	-0.6522	0.5585	False	False	False
gene_4798		tr|H1V5P1|H1V5P1_COLHI	0.1238	0.7138	-0.3711	0.1059	-0.4948	0.037	False	False	False
gene_4701	K01196	tr|A0A1B7XXR6|A0A1B7XXR6_COLHI	0.498	0.171	-0.417	0.1237	-0.9151	0.0039	False	False	False
gene_1605	K14152	tr|H1VKV1|H1VKV1_COLHI	0.2464	0.6044	-0.7186	0.036	-0.965	0.0086	False	False	False
gene_12885	K00102	tr|A0A1B7YHK9|A0A1B7YHK9_COLHI	-0.8636	0.4708	-0.6063	0.4884	0.2572	0.7792	False	False	False
gene_8783	K05351	tr|A0A1B7YC54|A0A1B7YC54_COLHI	-0.5574	0.3429	-0.7034	0.0986	-0.1459	0.7453	False	False	False
gene_7642	K00854	tr|A0A1B7YNU0|A0A1B7YNU0_COLHI	-0.0174	0.9715	-1.0545	0.0029	-1.0371	0.0024	False	True	True
gene_8511	K01836	tr|H1UZ01|H1UZ01_COLHI	-0.2159	0.509	-0.2626	0.254	-0.0467	0.8547	False	False	False
gene_4339	K10610	tr|H1VBE0|H1VBE0_COLHI	0.071	0.8573	-0.0239	0.9284	-0.0949	0.7158	False	False	False
gene_699	K00863	tr|A0A1B7YIH7|A0A1B7YIH7_COLHI	-0.1294	0.7586	-0.8555	0.0073	-0.7261	0.0157	False	False	False
gene_2734	K01887	tr|A0A1B7YRS4|A0A1B7YRS4_COLHI	0.2192	0.5238	-0.0337	0.9035	-0.253	0.2883	False	False	False
gene_10621	K01597	tr|A0A1B7XU53|A0A1B7XU53_COLHI	0.3284	0.5503	-0.4778	0.2115	-0.8062	0.0413	False	False	False
gene_12060	K00958	tr|H1V9N0|H1V9N0_COLHI	-0.2844	0.5242	-0.8847	0.011	-0.6002	0.06	False	False	False
gene_8456	K00927	tr|H1VH23|H1VH23_COLHI	0.2727	0.3014	-1.0731	0.0003	-1.3458	0.0001	False	True	True
gene_1343	K00164	tr|H1V3Y0|H1V3Y0_COLHI	0.0306	0.9477	-0.6212	0.0338	-0.6519	0.0273	False	False	False
gene_1258	K00059	tr|H1VBY5|H1VBY5_COLHI	-0.2997	0.4847	-1.0106	0.0052	-0.7109	0.0273	False	True	False
gene_11776	K00030	tr|H1VW56|H1VW56_COLHI	-0.3791	0.2693	-0.7385	0.0093	-0.3594	0.1523	False	False	False
gene_3819	K00602	tr|A0A1B7YTH8|A0A1B7YTH8_COLHI	0.0299	0.9397	-0.2139	0.3541	-0.2438	0.2798	False	False	False
gene_11925	K00873	tr|H1VKZ9|H1VKZ9_COLHI	-0.0552	0.9005	-0.7401	0.012	-0.6849	0.017	False	False	False
gene_10594	K01872	tr|A0A1B7YDG6|A0A1B7YDG6_COLHI	0.2517	0.3668	0.4854	0.0238	0.2337	0.2402	False	False	False
gene_4944	K00463	tr|H1VK69|H1VK69_COLHI	-1.0994	0.1896	-3.2179	0.0005	-2.1185	0.0038	False	True	True
gene_166	K00275	tr|A0A1B7YAC6|A0A1B7YAC6_COLHI	0.8273	0.4513	0.511	0.5218	-0.3163	0.7007	False	False	False
gene_2680	K00264	tr|H1V039|H1V039_COLHI	0.5697	0.08	0.4636	0.0555	-0.1061	0.6659	False	False	False
gene_9660	K03782	tr|A0A1B7YKJ6|A0A1B7YKJ6_COLHI	-0.0831	0.9344	-1.4971	0.0139	-1.414	0.0179	False	True	True
gene_1521	K04043	tr|A0A1B7YAK1|A0A1B7YAK1_COLHI	-0.0043	0.9925	-0.5734	0.1109	-0.5691	0.1118	False	False	False
gene_10344	K00749	tr|A0A1B7YBD1|A0A1B7YBD1_COLHI							False	False	False
gene_5648	K00135	tr|A0A1B7YCV0|A0A1B7YCV0_COLHI	0.5904	0.1575	0.2163	0.4995	-0.3741	0.2242	False	False	False
gene_2914		tr|A0A1B7YGR1|A0A1B7YGR1_COLHI	-0.6531	0.5939	-0.0245	0.9761	0.6286	0.4591	False	False	False
gene_7453	K01535	tr|A0A1B7XUS3|A0A1B7XUS3_COLHI	-0.3168	0.6615	-0.6867	0.1658	-0.3698	0.4576	False	False	False
gene_5870	K17879	tr|A0A1B7YU43|A0A1B7YU43_COLHI	0.2975	0.8158	-1.1562	0.2321	-1.4537	0.1312	False	False	False
gene_1068	K03063	tr|H1UX02|H1UX02_COLHI	0.0299	0.9455	-0.1665	0.539	-0.1964	0.4591	False	False	False
gene_12737	K00140	tr|A0A1B7YU25|A0A1B7YU25_COLHI	-0.1707	0.6627	-0.7402	0.0124	-0.5695	0.0403	False	False	False
gene_7786		tr|A0A1B7YIP9|A0A1B7YIP9_COLHI	0.7881	0.1827	-1.3159	0.0179	-2.1039	0.0015	False	True	True
gene_1247	K23114	tr|H1VZ75|H1VZ75_COLHI	0.2609	0.5959	-0.281	0.4169	-0.5419	0.111	False	False	False
gene_11182	K00053	tr|A0A1B7Y6W4|A0A1B7Y6W4_COLHI	-0.0685	0.8693	0.3662	0.1501	0.4347	0.09	False	False	False
gene_12325	K15633	tr|A0A1B7YVW2|A0A1B7YVW2_COLHI	-0.0516	0.9423	-1.827	0.0015	-1.7754	0.0012	False	True	True
gene_954	K01647	tr|H1UVB0|H1UVB0_COLHI	0.5678	0.2365	0.4924	0.1653	-0.0754	0.8472	False	False	False
gene_2303	K22832	tr|A0A1B7XX19|A0A1B7XX19_COLHI	-0.9044	0.4187	-2.598	0.0124	-1.6936	0.0722	False	True	False
gene_5507	K12662	tr|H1W5V4|H1W5V4_COLHI	0.4653	0.516	-0.1354	0.8083	-0.6008	0.2264	False	False	False
gene_9714	K03935	tr|H1VB49|H1VB49_COLHI	-0.5005	0.2421	0.863	0.0134	1.3635	0.001	False	False	True
gene_1620	K01850	tr|A0A1B7YAT7|A0A1B7YAT7_COLHI	0.4814	0.358	-0.2106	0.5909	-0.692	0.0735	False	False	False
gene_431		tr|A0A1B7XZ74|A0A1B7XZ74_COLHI	0.7374	0.0448	0.6503	0.0168	-0.0871	0.743	False	False	False
gene_3442	K17583	tr|H1UVK3|H1UVK3_COLHI	-0.0942	0.8458	-0.669	0.0362	-0.5748	0.0653	False	False	False
gene_1035	K24104	tr|H1UYJ3|H1UYJ3_COLHI	-0.0324	0.9573	-0.1148	0.7751	-0.0823	0.8377	False	False	False
gene_5687	K06173	tr|H1VP93|H1VP93_COLHI	0.3147	0.4881	-0.0858	0.8111	-0.4005	0.2074	False	False	False
gene_47	K03671	tr|A0A1B7XRH0|A0A1B7XRH0_COLHI	0.157	0.7433	-0.6544	0.0473	-0.8114	0.0182	False	False	False
gene_319	K01067	tr|H1V5D8|H1V5D8_COLHI	0.6975	0.3536	-0.3775	0.5006	-1.075	0.0544	False	False	False
gene_11438	K01738	tr|A0A1B7YDH3|A0A1B7YDH3_COLHI	0.1666	0.9009					False	False	False
gene_10776	K01867	tr|A0A1B7YL93|A0A1B7YL93_COLHI	0.0975	0.7827	-0.1458	0.5403	-0.2434	0.2883	False	False	False
gene_1695	K22278	tr|H1VTS0|H1VTS0_COLHI	-0.1946	0.8947	-3.0782	0.0043	-2.8836	0.0051	False	True	True
gene_9465		tr|A0A1B7YCE2|A0A1B7YCE2_COLHI	0.4169	0.3924	-0.0628	0.8738	-0.4797	0.165	False	False	False
gene_10982		tr|A0A1B7Y7D8|A0A1B7Y7D8_COLHI	-0.718	0.4269	0.2559	0.7085	0.9739	0.1297	False	False	False
gene_83	K01810	tr|A0A1B7XRA1|A0A1B7XRA1_COLHI	-0.5739	0.3231	-1.484	0.0039	-0.9101	0.0376	False	True	False
gene_12865	K00668	tr|H1VYE2|H1VYE2_COLHI	2.1069	0.0428	-1.3653	0.0582	-3.4722	0.0004	True	False	True
gene_2265	K10392	tr|A0A1B7Y5X8|A0A1B7Y5X8_COLHI	0.6716	0.2341					False	False	False
gene_1181	K00276	tr|A0A1B7YM44|A0A1B7YM44_COLHI	-0.3051	0.4933					False	False	False
gene_4384	K11292	tr|A0A1B7Y678|A0A1B7Y678_COLHI	0.2953	0.4242	0.2059	0.445	-0.0894	0.7491	False	False	False
gene_4118		tr|A0A1B7YUE5|A0A1B7YUE5_COLHI	-0.0518	0.9114	-0.5105	0.0674	-0.4587	0.0975	False	False	False
gene_378		tr|H1VX26|H1VX26_COLHI	1.2864	0.0622	0.4995	0.3097	-0.7869	0.1075	False	False	False
gene_9205	K04718	tr|H1V3Q7|H1V3Q7_COLHI	0.4149	0.6886	-1.8027	0.0252	-2.2175	0.009	False	True	True
gene_5145	K00111	tr|A0A1B7Y3S0|A0A1B7Y3S0_COLHI	0.3706	0.3711	2.288	0.0	1.9175	0.0001	False	True	True
gene_7509	K01637	tr|A0A1B7Y5Y9|A0A1B7Y5Y9_COLHI	0.6738	0.0734	-0.541	0.0513	-1.2147	0.0008	False	False	True
gene_919	K01923	tr|H1UWU9|H1UWU9_COLHI	0.2081	0.669	-0.3875	0.2468	-0.5956	0.078	False	False	False
gene_3583	K00128	tr|A0A1B7Y2H1|A0A1B7Y2H1_COLHI	0.6642	0.1047	-1.084	0.0034	-1.7482	0.0002	False	True	True
gene_4419	K01881	tr|A0A1B7XRR2|A0A1B7XRR2_COLHI	-0.1541	0.6059	0.2539	0.221	0.408	0.054	False	False	False
gene_1284	K00026	tr|A0A1B7YPE8|A0A1B7YPE8_COLHI	-0.4226	0.4606	-1.5035	0.003	-1.0809	0.0143	False	True	True
gene_2297		tr|A0A1B7Y3C8|A0A1B7Y3C8_COLHI	0.0869	0.8793	0.0842	0.8311	-0.0027	0.9954	False	False	False
gene_2859	K01045	tr|H1UVI3|H1UVI3_COLHI	-0.8557	0.3103					False	False	False
gene_12956		tr|A0A1B7Y973|A0A1B7Y973_COLHI	0.3114	0.3497	-0.2126	0.3849	-0.524	0.0367	False	False	False
gene_6939	K03781	tr|H1UZ49|H1UZ49_COLHI	0.0637	0.8826	-0.732	0.0122	-0.7957	0.0074	False	False	False
gene_10876	K01881	tr|A0A1B7YVI0|A0A1B7YVI0_COLHI	0.6335	0.4148	-0.206	0.7294	-0.8395	0.1282	False	False	False
gene_5784	K05351	tr|A0A1B7YC54|A0A1B7YC54_COLHI	0.368	0.4692	0.3765	0.3006	0.0084	0.9838	False	False	False
gene_2093	K01692	tr|H1VKZ5|H1VKZ5_COLHI	-0.1558	0.6775	-0.0688	0.809	0.087	0.7491	False	False	False
gene_892	K01077	tr|A0A1B7YMJ8|A0A1B7YMJ8_COLHI	-0.5255	0.6299	-0.8786	0.2482	-0.353	0.654	False	False	False
gene_2245		tr|A0A1B7Y2N8|A0A1B7Y2N8_COLHI	0.1741	0.8458	-1.1806	0.044	-1.3547	0.0242	False	True	True
gene_5252		tr|A0A1B7YJU4|A0A1B7YJU4_COLHI	0.3872	0.5318	-0.0368	0.938	-0.424	0.3254	False	False	False
gene_3840	K00814	tr|H1VJV5|H1VJV5_COLHI	0.5866	0.3717	-1.1636	0.0217	-1.7502	0.0024	False	True	True
gene_7984	K22337	tr|A0A1B7XXF9|A0A1B7XXF9_COLHI	0.145	0.6739	-0.3698	0.1187	-0.5148	0.0364	False	False	False
gene_8684	K00809	tr|A0A1B7Y2B5|A0A1B7Y2B5_COLHI	1.0248	0.075	-0.6748	0.1238	-1.6996	0.0019	False	False	True
gene_5005	K01755	tr|A0A1B7XZH6|A0A1B7XZH6_COLHI	-0.1753	0.7216	-0.5	0.1302	-0.3247	0.3206	False	False	False
gene_12907	K13519	tr|H1W1J4|H1W1J4_COLHI	0.4389	0.5454	0.6646	0.1882	0.2257	0.6678	False	False	False
gene_9399	K01673	tr|H1W0G5|H1W0G5_COLHI	-1.3002	0.2897	-1.3625	0.1302	-0.0623	0.9552	False	False	False
gene_11623	K00817	tr|H1W3J6|H1W3J6_COLHI	2.0927	0.066	0.1278	0.8895	-1.9648	0.0144	False	False	True
gene_9816	K15378	tr|H1VB29|H1VB29_COLHI							False	False	False
gene_4436	K13501	tr|A0A1B7YP30|A0A1B7YP30_COLHI	-0.1154	0.7555	-0.0542	0.8438	0.0612	0.8181	False	False	False
gene_11280	K01537	tr|A0A1B7XSY3|A0A1B7XSY3_COLHI	-0.2694	0.9038					False	False	False
gene_313	K00667	tr|H1VYE0|H1VYE0_COLHI	1.9066	0.1998	-2.6167	0.025	-4.5233	0.0013	False	True	True
gene_11548	K06674	tr|A0A1B7YK96|A0A1B7YK96_COLHI	0.5799	0.2907	0.5646	0.1842	-0.0153	0.9757	False	False	False
gene_9836	K01621	tr|A0A1B7YRH4|A0A1B7YRH4_COLHI	0.0841	0.8737	-0.9501	0.0096	-1.0342	0.0057	False	False	True
gene_3061	K00381	tr|H1V672|H1V672_COLHI	0.4023	0.3378	-0.2855	0.3507	-0.6877	0.0305	False	False	False
gene_8889	K01663	tr|A0A1B7Y6R9|A0A1B7Y6R9_COLHI	0.4613	0.4799	0.1432	0.7775	-0.3181	0.4976	False	False	False
gene_9929	K01940	tr|A0A1B7YEC3|A0A1B7YEC3_COLHI	0.2514	0.423	0.2323	0.3013	-0.0191	0.9434	False	False	False
gene_11978	K00820	tr|H1VN27|H1VN27_COLHI	-0.567	0.2047	-0.7	0.0406	-0.133	0.7027	False	False	False
gene_6981	K00600	tr|H1VV04|H1VV04_COLHI	0.5846	0.2027	0.0846	0.8241	-0.5	0.1393	False	False	False
gene_1637	K14284	tr|A0A1B7YUP4|A0A1B7YUP4_COLHI	1.2136	0.046					True	False	False
gene_2491	K00819	tr|H1VU98|H1VU98_COLHI	-1.0884	0.1007	-2.1336	0.0011	-1.0452	0.0373	False	True	True
gene_8616	K00467	tr|H1VWA4|H1VWA4_COLHI	-0.5426	0.2212	-0.7047	0.0393	-0.1621	0.6336	False	False	False
gene_1196	K01866	tr|H1VGY1|H1VGY1_COLHI	-0.4264	0.1779	-0.842	0.0036	-0.4156	0.0811	False	False	False
gene_2294	K12196	tr|H1W1P2|H1W1P2_COLHI	-0.1047	0.8489	0.3466	0.3188	0.4513	0.1863	False	False	False
gene_6768	K15105	tr|A0A1B7YJY9|A0A1B7YJY9_COLHI	0.6366	0.1318	0.8518	0.0134	0.2152	0.4976	False	False	False
gene_1507	K05285	tr|A0A1B7YJH3|A0A1B7YJH3_COLHI	0.8782	0.2818					False	False	False
gene_980	K22531	tr|A0A1B7YQ77|A0A1B7YQ77_COLHI	0.0069	0.9856	-0.1986	0.405	-0.2055	0.3801	False	False	False
gene_10955		tr|H1VS02|H1VS02_COLHI	-0.1526	0.6293	-0.4286	0.0568	-0.276	0.2023	False	False	False
gene_10506	K01621	tr|A0A1B7YVR0|A0A1B7YVR0_COLHI	0.0543	0.9672	-4.0177	0.0005	-4.072	0.0003	False	True	True
gene_6703		tr|H1VSX6|H1VSX6_COLHI	0.0583	0.9213	0.0198	0.9569	-0.0385	0.9207	False	False	False
gene_174		tr|A0A1B7YDR2|A0A1B7YDR2_COLHI	0.2668	0.7095	-0.9089	0.066	-1.1757	0.0228	False	False	True
gene_3484	K00611	tr|H1W452|H1W452_COLHI	-0.1994	0.7554	0.0553	0.9105	0.2548	0.557	False	False	False
gene_1133	K01784	tr|H1VXG9|H1VXG9_COLHI	0.0693	0.9138	-0.9826	0.0166	-1.0519	0.0113	False	False	True
gene_4094	K01476	tr|A0A1B7Y0N5|A0A1B7Y0N5_COLHI	-1.0237	0.2212	-2.0179	0.0058	-0.9942	0.1097	False	True	False
gene_885	K02437	tr|H1VUV5|H1VUV5_COLHI	-0.3603	0.6933	0.1396	0.842	0.4999	0.4249	False	False	False
gene_8206	K01070	tr|H1V9B4|H1V9B4_COLHI	0.2591	0.4507	-0.5812	0.025	-0.8403	0.0036	False	False	False
gene_10554	K00326	tr|H1VL01|H1VL01_COLHI	-0.0232	0.9539	-0.0372	0.8967	-0.014	0.9622	False	False	False
gene_6685	K00135	tr|H1VE82|H1VE82_COLHI	-0.2814	0.5503	-1.0018	0.0077	-0.7204	0.0355	False	True	False
gene_12086	K00826	tr|H1UWE4|H1UWE4_COLHI	-2.2342	0.0148	-0.8832	0.1102	1.351	0.0213	True	False	True
gene_6997	K03365	tr|A0A1B7YU36|A0A1B7YU36_COLHI	0.806	0.2726	0.0644	0.9199	-0.7417	0.1908	False	False	False
gene_2406	K01638	tr|H1V9W2|H1V9W2_COLHI	0.5668	0.3305	-2.1368	0.0005	-2.7035	0.0001	False	True	True
gene_8831	K14454	tr|A0A1B7YKM6|A0A1B7YKM6_COLHI	-0.2015	0.6051	-0.066	0.8274	0.1356	0.6261	False	False	False
gene_780	K25004	tr|H1VMU2|H1VMU2_COLHI	0.4389	0.5831	-0.6311	0.3285	-1.07	0.099	False	False	False
gene_5937	K00288	tr|A0A1B7Y773|A0A1B7Y773_COLHI	-0.0968	0.8384	-1.0333	0.0044	-0.9365	0.0065	False	True	False
gene_4508	K16369	tr|A0A1B7YAF9|A0A1B7YAF9_COLHI	0.1486	0.8314	0.0862	0.8657	-0.0623	0.901	False	False	False
gene_3742	K00505	tr|A0A1B7Y3U5|A0A1B7Y3U5_COLHI	-3.7479	0.0185	-3.1907	0.0075	0.5572	0.5969	True	True	False
gene_11668	K00761	tr|H1VW77|H1VW77_COLHI	-0.416	0.2413	-0.2525	0.3431	0.1635	0.5435	False	False	False
gene_8048	K13507	tr|A0A1B7YBD8|A0A1B7YBD8_COLHI	0.8336	0.0608	0.8846	0.0102	0.0509	0.8833	False	False	False
gene_3566	K00826	tr|A0A1B7XXE5|A0A1B7XXE5_COLHI	-0.1959	0.6612	-1.3521	0.0011	-1.1563	0.0021	False	True	True
gene_3295	K00860	tr|A0A1B7YV75|A0A1B7YV75_COLHI	1.1509	0.1547	0.1681	0.8013	-0.9828	0.1045	False	False	False
gene_8476	K15728	tr|A0A1B7YDJ6|A0A1B7YDJ6_COLHI	-0.1496	0.7677	0.4399	0.1855	0.5894	0.0805	False	False	False
gene_1739		tr|H1UV44|H1UV44_COLHI	-0.9739	0.205	2.3399	0.0018	3.3138	0.0002	False	True	True
gene_2694	K01194	tr|A0A1B7Y5Z3|A0A1B7Y5Z3_COLHI	0.5434	0.2554	0.5817	0.1023	0.0383	0.9247	False	False	False
gene_4570	K01634	tr|H1V3V8|H1V3V8_COLHI	0.0484	0.9423	-0.9472	0.0268	-0.9956	0.0211	False	False	False
gene_1480	K05824	tr|A0A1B7YF16|A0A1B7YF16_COLHI	0.2039	0.6901	-0.3673	0.2962	-0.5711	0.1038	False	False	False
gene_11239	K01874	tr|A0A1B7YIA5|A0A1B7YIA5_COLHI							False	False	False
gene_12477	K00217	tr|A0A1B7XT99|A0A1B7XT99_COLHI	0.2786	0.479	-0.1069	0.7214	-0.3854	0.164	False	False	False
gene_5750	K01092	tr|A0A1B7YB36|A0A1B7YB36_COLHI	0.7633	0.2625	0.2973	0.5652	-0.466	0.3519	False	False	False
gene_11855	K01740	tr|H1W1Y6|H1W1Y6_COLHI	-0.9939	0.0583	-1.2019	0.0051	-0.2079	0.5733	False	True	False
gene_5781	K01638	tr|A0A1B7Y9R0|A0A1B7Y9R0_COLHI	0.703	0.0734	-0.0258	0.9335	-0.7288	0.0168	False	False	False
gene_6132	K01115	tr|A0A1B7YL18|A0A1B7YL18_COLHI	-0.0246	0.9429	0.1611	0.446	0.1857	0.368	False	False	False
gene_6205	K03841	tr|H1VSX4|H1VSX4_COLHI	0.0635	0.9397	-1.4125	0.0096	-1.476	0.0071	False	True	True
gene_6735	K13333	tr|A0A1B7YE64|A0A1B7YE64_COLHI	-2.073	0.1118	-2.6056	0.0134	-0.5327	0.5881	False	True	False
gene_2958	K00062	tr|H1VQE0|H1VQE0_COLHI	0.162	0.8489	-0.4226	0.4399	-0.5846	0.2404	False	False	False
gene_3264	K02865	tr|H1VGZ1|H1VGZ1_COLHI	0.2033	0.5824	0.0768	0.7834	-0.1265	0.6313	False	False	False
gene_2710	K08683	tr|H1VM78|H1VM78_COLHI	0.2113	0.5503	0.1726	0.4958	-0.0388	0.8887	False	False	False
gene_7878	K20457	tr|A0A1B7Y545|A0A1B7Y545_COLHI	-0.7703	0.6258	4.8643	0.0022	5.6346	0.0008	False	True	True
gene_4606	K00621	tr|H1UZK0|H1UZK0_COLHI	0.3668	0.6612	-1.4324	0.0199	-1.7992	0.0059	False	True	True
gene_11775	K01754	tr|H1VTD2|H1VTD2_COLHI	0.3408	0.7057	-0.9195	0.1348	-1.2604	0.046	False	False	True
gene_11435	K01735	tr|A0A1B7YK84|A0A1B7YK84_COLHI							False	False	False
gene_2984	K12275	tr|H1VPM7|H1VPM7_COLHI	-0.0975	0.8899	2.6072	0.0002	2.7047	0.0001	False	True	True
gene_5179	K01702	tr|A0A1B7YAW0|A0A1B7YAW0_COLHI	0.6095	0.0401	-0.1913	0.3389	-0.8008	0.0014	False	False	False
gene_1017	K00728	tr|A0A1B7XUW0|A0A1B7XUW0_COLHI	0.199	0.8005	2.077	0.0022	1.8781	0.0028	False	True	True
gene_11823	K01899	tr|H1VPP7|H1VPP7_COLHI	0.1433	0.7419	0.4201	0.1478	0.2768	0.3362	False	False	False
gene_9490	K00938	tr|A0A1B7YKX5|A0A1B7YKX5_COLHI	-0.2739	0.5292	-1.1236	0.0031	-0.8497	0.0114	False	True	False
gene_11513	K01490	tr|H1W214|H1W214_COLHI	0.2862	0.4276	0.195	0.4582	-0.0912	0.7377	False	False	False
gene_10704		tr|A0A1B7YPH3|A0A1B7YPH3_COLHI	0.2949	0.6032	-0.815	0.044	-1.11	0.0104	False	False	True
gene_99	K01875	tr|H1VTS5|H1VTS5_COLHI	0.5814	0.3104	0.413	0.3254	-0.1684	0.7012	False	False	False
gene_2665	K00863	tr|H1VS18|H1VS18_COLHI	1.1744	0.3107	-2.3247	0.0124	-3.4991	0.0012	False	True	True
gene_8032	K02269	tr|H1V2R9|H1V2R9_COLHI							False	False	False
gene_4385	K02144	tr|H1V0D2|H1V0D2_COLHI	-0.1579	0.6948	-0.4497	0.1039	-0.2918	0.283	False	False	False
gene_610		tr|A0A1B7Y633|A0A1B7Y633_COLHI	-0.4715	0.1845	-0.1617	0.5507	0.3098	0.2351	False	False	False
gene_10190	K01637	tr|A0A1B7Y822|A0A1B7Y822_COLHI	0.0571	0.885	0.1838	0.4603	0.1267	0.6135	False	False	False
gene_12988	K01489	tr|H1VF72|H1VF72_COLHI	-0.3212	0.4743	-1.4204	0.0011	-1.0992	0.0036	False	True	True
gene_187	K01426	tr|H1VM31|H1VM31_COLHI	0.1396	0.7862					False	False	False
gene_1340	K06210	tr|A0A1B7XXD1|A0A1B7XXD1_COLHI	0.1688	0.885	-1.3023	0.0747	-1.471	0.0473	False	False	True
gene_5491	K00290	tr|A0A1B7YDF0|A0A1B7YDF0_COLHI	0.5434	0.3059	0.8095	0.0425	0.2661	0.495	False	False	False
gene_10116	K03564	tr|A0A1B7Y557|A0A1B7Y557_COLHI	0.0516	0.8966	0.8347	0.0042	0.7831	0.0049	False	False	False
gene_1886	K01883	tr|A0A1B7YHR5|A0A1B7YHR5_COLHI	0.418	0.2091	-0.3637	0.1399	-0.7816	0.0056	False	False	False
gene_463		tr|A0A1B7XUM7|A0A1B7XUM7_COLHI	-0.5669	0.3122	-0.471	0.2498	0.0958	0.8299	False	False	False
gene_1773	K02133	tr|H1VA88|H1VA88_COLHI	0.3237	0.5931	-1.3467	0.006	-1.6704	0.0015	False	True	True
gene_8096	K00383	tr|A0A1B7Y2Q3|A0A1B7Y2Q3_COLHI	0.0666	0.8757	-0.254	0.3427	-0.3206	0.2197	False	False	False
gene_12313	K00940	tr|A0A1B7YHM5|A0A1B7YHM5_COLHI	-0.2344	0.6104	0.3797	0.2367	0.6141	0.0598	False	False	False
gene_4876	K14264	tr|H1V8J1|H1V8J1_COLHI	0.6819	0.2081	-0.1013	0.8206	-0.7832	0.0552	False	False	False
gene_12711	K17743	tr|H1VH13|H1VH13_COLHI	-0.2539	0.7445	1.3997	0.0139	1.6536	0.0055	False	True	True
gene_5498	K00872	tr|A0A1B7Y4U0|A0A1B7Y4U0_COLHI	0.3779	0.5318	1.2005	0.0109	0.8227	0.0572	False	True	False
gene_7011		tr|H1UZL4|H1UZL4_COLHI	-0.1452	0.7058	0.6049	0.0284	0.7501	0.0097	False	False	False
gene_11626	K01886	tr|A0A1B7YL48|A0A1B7YL48_COLHI	0.0221	0.9499	-0.0414	0.8642	-0.0635	0.7806	False	False	False
gene_2924	K03062	tr|A0A1B7XWP7|A0A1B7XWP7_COLHI	0.4746	0.3055	0.2631	0.445	-0.2115	0.5383	False	False	False
gene_4522	K03441	tr|A0A1B7Y3K9|A0A1B7Y3K9_COLHI			0.9497	0.2361			False	False	False
gene_2865	K18097	tr|H1VRC3|H1VRC3_COLHI	-0.2136	0.6049	0.1481	0.6176	0.3617	0.1996	False	False	False
gene_9152	K00844	tr|H1V9F6|H1V9F6_COLHI	-0.0846	0.7983	-0.2991	0.1722	-0.2145	0.3247	False	False	False
gene_12319	K00765	tr|H1W2L9|H1W2L9_COLHI	0.2412	0.7062	-1.1001	0.0191	-1.3412	0.0066	False	True	True
gene_10768	K13179	tr|H1W1V8|H1W1V8_COLHI	-0.2763	0.4383	-0.0403	0.89	0.236	0.3512	False	False	False
gene_10727	K01336	tr|A0A1B7Y9A7|A0A1B7Y9A7_COLHI	0.1596	0.6854	0.0287	0.9236	-0.1309	0.6395	False	False	False
gene_4674	K07390	tr|H1VF10|H1VF10_COLHI	-0.2815	0.8089	-0.0991	0.9114	0.1824	0.8282	False	False	False
gene_9437	K01679	tr|A0A1B7Y9L1|A0A1B7Y9L1_COLHI	-0.2459	0.3992	-0.3748	0.0766	-0.1289	0.5464	False	False	False
gene_3587	K01641	tr|A0A1B7XT30|A0A1B7XT30_COLHI	0.5556	0.2252	-0.168	0.6357	-0.7236	0.04	False	False	False
gene_5322	K15371	tr|A0A1B7YMH2|A0A1B7YMH2_COLHI	-1.1113	0.2423	-3.2219	0.001	-2.1106	0.0078	False	True	True
gene_1869	K01897	tr|H1VRU0|H1VRU0_COLHI	0.0318	0.9423	0.7817	0.0085	0.75	0.0098	False	False	False
gene_12777	K18738	tr|A0A1B7YP99|A0A1B7YP99_COLHI	0.1017	0.8939	-1.4608	0.0063	-1.5625	0.0038	False	True	True
gene_7654	K00560	tr|H1VFQ1|H1VFQ1_COLHI	0.5377	0.3085	-0.0285	0.9455	-0.5662	0.1382	False	False	False
gene_7800		tr|A0A1B7YAF6|A0A1B7YAF6_COLHI	-0.2387	0.9005	-1.2159	0.2942	-0.9772	0.396	False	False	False
gene_5167	K01580	tr|H1UX33|H1UX33_COLHI	0.2461	0.6787	-1.491	0.0032	-1.7371	0.001	False	True	True
gene_11370	K00058	tr|A0A1B7YJH2|A0A1B7YJH2_COLHI	0.0453	0.8979	-0.3956	0.0669	-0.4409	0.0443	False	False	False
gene_4823	K01647	tr|H1VNV1|H1VNV1_COLHI	0.0954	0.8075	0.1445	0.5862	0.0491	0.8643	False	False	False
gene_10565	K00830	tr|H1VJ92|H1VJ92_COLHI	-0.1556	0.7774	-0.0406	0.9208	0.115	0.7673	False	False	False
gene_1922		tr|H1VD21|H1VD21_COLHI	0.402	0.2425	-0.7872	0.0074	-1.1893	0.0007	False	False	True
gene_2273	K13524	tr|A0A1B7YPU5|A0A1B7YPU5_COLHI	0.2703	0.5133	-0.2939	0.3149	-0.5642	0.0571	False	False	False
gene_5421	K00122	tr|A0A1B7YIJ1|A0A1B7YIJ1_COLHI	-0.1734	0.7829	-1.0891	0.0156	-0.9157	0.0344	False	True	False
gene_6190	K00101	tr|H1VLZ9|H1VLZ9_COLHI	-0.207	0.6303	0.0231	0.9445	0.2301	0.4436	False	False	False
gene_3827	K00966	tr|H1VYV3|H1VYV3_COLHI	0.0385	0.9357	-0.0925	0.7463	-0.131	0.6308	False	False	False
gene_12242	K07160	tr|H1VXL4|H1VXL4_COLHI	-0.4109	0.7623	0.3924	0.6765	0.8033	0.3399	False	False	False
gene_11125	K00864	tr|A0A1B7Y3L2|A0A1B7Y3L2_COLHI	-0.33	0.6299	-0.1488	0.7754	0.1812	0.7199	False	False	False
gene_6873	K01115	tr|A0A1B7YAE7|A0A1B7YAE7_COLHI	0.3822	0.2502	0.3483	0.1577	-0.034	0.9022	False	False	False
gene_12409	K01807	tr|A0A1B7YKL7|A0A1B7YKL7_COLHI	-0.0429	0.9131	-0.2766	0.2359	-0.2337	0.3118	False	False	False
gene_6597	K00249	tr|H1VND0|H1VND0_COLHI	0.1053	0.8458	0.0933	0.8066	-0.012	0.976	False	False	False
gene_5126	K00589	tr|A0A1B7Y889|A0A1B7Y889_COLHI	-0.4525	0.4735					False	False	False
gene_391	K15389	tr|H1VLT1|H1VLT1_COLHI	-0.572	0.3081	1.3391	0.0054	1.9111	0.0006	False	True	True
gene_7361	K01568	tr|H1VYE9|H1VYE9_COLHI	0.0553	0.9622	-5.1935	0.0	-5.2487	0.0	False	True	True
gene_12807	K01624	tr|A0A1B7YEY3|A0A1B7YEY3_COLHI	0.0195	0.9832	-0.5237	0.3692	-0.5432	0.343	False	False	False
gene_3210	K00101	tr|A0A1B7YJR9|A0A1B7YJR9_COLHI	0.1564	0.758	-0.9761	0.0095	-1.1325	0.0039	False	False	True
gene_1088		tr|H1VXD8|H1VXD8_COLHI	0.1537	0.7419	-0.6612	0.0402	-0.8149	0.0155	False	False	False
gene_5772	K03038	tr|H1VNB1|H1VNB1_COLHI	-0.1795	0.8371	-0.9579	0.0886	-0.7784	0.1594	False	False	False
gene_10187	K03950	tr|H1VC07|H1VC07_COLHI							False	False	False
gene_377	K01783	tr|A0A1B7XZE4|A0A1B7XZE4_COLHI	0.1326	0.7623	-0.6052	0.0434	-0.7378	0.018	False	False	False
gene_8678		tr|H1V708|H1V708_COLHI	-0.0701	0.9403	0.4341	0.4468	0.5042	0.3651	False	False	False
gene_2897		tr|A0A1B7YD61|A0A1B7YD61_COLHI	0.4706	0.6233					False	False	False
gene_1973	K08900	tr|A0A1B7XT34|A0A1B7XT34_COLHI	0.3857	0.6691	-0.4069	0.5454	-0.7927	0.2222	False	False	False
gene_12910	K00838	tr|H1V528|H1V528_COLHI	-0.6009	0.4735	-0.8113	0.173	-0.2104	0.7228	False	False	False
gene_10562	K00486	tr|A0A1B7YES6|A0A1B7YES6_COLHI	1.3	0.0616					False	False	False
gene_10373		tr|H1VL10|H1VL10_COLHI	-0.205	0.5302	0.0518	0.8406	0.2568	0.2557	False	False	False
gene_4271	K01507	tr|A0A1B7YU22|A0A1B7YU22_COLHI	0.0997	0.7555	-0.1114	0.6126	-0.211	0.3164	False	False	False
gene_11318	K00963	tr|A0A1B7YV55|A0A1B7YV55_COLHI	0.3246	0.4712	-0.8048	0.0195	-1.1294	0.0031	False	False	True
gene_700	K18664	tr|A0A1B7YK48|A0A1B7YK48_COLHI	-2.6118	0.3263	-1.3049	0.5087	1.3069	0.5029	False	False	False
gene_8372		tr|H1UV99|H1UV99_COLHI	0.7827	0.1849	1.2993	0.0076	0.5165	0.2047	False	True	False
gene_6331	K01870	tr|H1UZC8|H1UZC8_COLHI	0.0647	0.8825	-0.5918	0.0343	-0.6565	0.0214	False	False	False
gene_4690	K01693	tr|H1W483|H1W483_COLHI	-0.0403	0.9777	-3.1066	0.0046	-3.0663	0.0042	False	True	True
gene_3917	K01187	tr|A0A1B7YEA3|A0A1B7YEA3_COLHI	-0.6331	0.2875	0.8439	0.0582	1.477	0.0039	False	False	True
gene_641	K00988	tr|A0A1B7YRT1|A0A1B7YRT1_COLHI	0.0576	0.8993	0.6582	0.024	0.6007	0.0355	False	False	False
gene_2120	K00293	tr|H1VZP2|H1VZP2_COLHI	0.1969	0.5292	-0.3804	0.0865	-0.5773	0.0153	False	False	False
gene_9783	K00102	tr|H1W053|H1W053_COLHI	-0.0698	0.9625	-2.6696	0.0078	-2.5998	0.0083	False	True	True
gene_4273	K06133	tr|A0A1B7Y9K5|A0A1B7Y9K5_COLHI	0.0724	0.8939	0.0307	0.9316	-0.0417	0.9097	False	False	False
gene_8547	K15104	tr|H1VXH8|H1VXH8_COLHI	0.6663	0.1041	-0.0858	0.7941	-0.7522	0.0189	False	False	False
gene_4311	K11654	tr|A0A1B7Y726|A0A1B7Y726_COLHI	0.2015	0.5503	-0.1239	0.6114	-0.3254	0.1629	False	False	False
gene_7871	K00698	tr|A0A1B7YAD6|A0A1B7YAD6_COLHI	0.8786	0.1194	0.4099	0.3941	-0.4687	0.3192	False	False	False
gene_489	K03066	tr|H1VD52|H1VD52_COLHI	0.0702	0.8556	0.4051	0.0946	0.3349	0.1605	False	False	False
gene_8514		tr|H1VZP0|H1VZP0_COLHI	0.1833	0.8514	-1.7248	0.0113	-1.9081	0.0062	False	True	True
gene_9705	K09043	tr|A0A1B7XZ85|A0A1B7XZ85_COLHI	0.5146	0.2822	0.6413	0.0718	0.1267	0.7338	False	False	False
gene_10535	K01939	tr|A0A1B7YL49|A0A1B7YL49_COLHI	0.3836	0.2953	0.3986	0.1371	0.015	0.9622	False	False	False
gene_2566	K12854	tr|A0A1B7YUE3|A0A1B7YUE3_COLHI	0.0518	0.8882	0.3608	0.1131	0.309	0.168	False	False	False
gene_5766	K15528	tr|A0A1B7YEL1|A0A1B7YEL1_COLHI	0.0249	0.9537	-0.3037	0.2424	-0.3286	0.1985	False	False	False
gene_5492	K00600	tr|H1V2W0|H1V2W0_COLHI	0.1472	0.6168	-0.333	0.105	-0.4801	0.0262	False	False	False
gene_12351	K01870	tr|A0A1B7YD37|A0A1B7YD37_COLHI	-0.0628	0.9122	0.0509	0.8952	0.1137	0.7513	False	False	False
gene_9647	K02139	tr|A0A1B7YKU3|A0A1B7YKU3_COLHI	0.0854	0.9403	2.3192	0.0043	2.2338	0.0043	False	True	True
gene_9337	K07204	tr|A0A1B7Y9J2|A0A1B7Y9J2_COLHI	0.1978	0.5641	0.4444	0.0669	0.2466	0.2971	False	False	False
gene_12685	K01697	tr|A0A1B7YRS8|A0A1B7YRS8_COLHI	0.0104	0.9884	-0.1894	0.6658	-0.1999	0.6442	False	False	False
gene_4577	K15102	tr|A0A1B7XY72|A0A1B7XY72_COLHI	0.4532	0.5122	1.2683	0.0162	0.8151	0.0953	False	True	False
gene_11810	K01052	tr|A0A1B7Y9D5|A0A1B7Y9D5_COLHI	-0.362	0.8442	1.8642	0.1122	2.2262	0.061	False	False	False
gene_370	K01756	tr|A0A1B7YCG2|A0A1B7YCG2_COLHI	-0.167	0.5898	-0.201	0.3542	-0.034	0.8879	False	False	False
gene_12901	K12818	tr|A0A1B7XRW5|A0A1B7XRW5_COLHI	1.0403	0.0607					False	False	False
gene_10094	K00697	tr|H1V4H3|H1V4H3_COLHI	0.1244	0.6788	-0.1448	0.4949	-0.2692	0.1864	False	False	False
gene_4189		tr|A0A1B7XYG8|A0A1B7XYG8_COLHI	0.145	0.7813	-0.4001	0.2434	-0.5451	0.111	False	False	False
gene_3496	K00511	tr|H1UYH2|H1UYH2_COLHI							False	False	False
gene_9266	K00311	tr|A0A1B7XSW1|A0A1B7XSW1_COLHI	-0.4462	0.4816	1.3695	0.0077	1.8157	0.0014	False	True	True
gene_11277	K21631	tr|H1VEC5|H1VEC5_COLHI							False	False	False
gene_12834	K20306	tr|A0A1B7YFX9|A0A1B7YFX9_COLHI	-0.2344	0.5367	-0.7054	0.0152	-0.471	0.0807	False	False	False
gene_12639	K08869	tr|H1VVZ4|H1VVZ4_COLHI	0.2496	0.771					False	False	False
gene_1461	K00507	tr|H1V5P4|H1V5P4_COLHI	-0.3489	0.7732	-2.4971	0.0095	-2.1482	0.0192	False	True	True
gene_12234	K00624	tr|A0A1B7Y1M9|A0A1B7Y1M9_COLHI	1.0937	0.2365	-0.3801	0.5895	-1.4738	0.038	False	False	True
gene_2606	K06116	tr|A0A1B7XZ86|A0A1B7XZ86_COLHI	-0.8441	0.1984	-0.8133	0.0964	0.0308	0.9595	False	False	False
gene_5677	K20178	tr|A0A1B7YDD8|A0A1B7YDD8_COLHI	0.0459	0.9675					False	False	False
gene_8576	K01560	tr|A0A1B7Y6U9|A0A1B7Y6U9_COLHI	0.3791	0.5198	0.1646	0.7071	-0.2145	0.6138	False	False	False
gene_11255	K14455	tr|A0A1B7YAL4|A0A1B7YAL4_COLHI	0.1968	0.6612	-0.135	0.675	-0.3317	0.2745	False	False	False
gene_4019	K18696	tr|H1VTY8|H1VTY8_COLHI	0.823	0.2671	-1.093	0.0644	-1.916	0.0049	False	False	True
gene_996	K07023	tr|H1V347|H1V347_COLHI	-0.2874	0.6645	0.4052	0.3789	0.6926	0.1269	False	False	False
gene_1190	K18532	tr|H1UYX7|H1UYX7_COLHI	-0.6428	0.3758	0.4632	0.3825	1.106	0.041	False	False	True
gene_11200	K03781	tr|A0A1B7XS69|A0A1B7XS69_COLHI	0.8031	0.3563	-2.1749	0.0043	-2.9781	0.0006	False	True	True
gene_12934	K06127	tr|H1UXE5|H1UXE5_COLHI	1.759	0.1103					False	False	False
gene_6121	K00615	tr|A0A1B7Y598|A0A1B7Y598_COLHI	0.1219	0.6892	-0.5227	0.0197	-0.6446	0.0065	False	False	False
gene_3213		tr|A0A1B7YTB0|A0A1B7YTB0_COLHI	-0.8971	0.3287	1.305	0.0674	2.2021	0.0038	False	False	True
gene_9237	K10807	tr|H1VBG2|H1VBG2_COLHI	1.1405	0.2631	1.2	0.1127	0.0595	0.9488	False	False	False
gene_8921	K03938	tr|H1W315|H1W315_COLHI	-0.7301	0.066	0.8862	0.0066	1.6163	0.0002	False	False	True
gene_385	K09880	tr|H1VAV4|H1VAV4_COLHI	-0.2501	0.6504	-1.1526	0.0077	-0.9025	0.0247	False	True	False
gene_1810	K00232	tr|A0A1B7XXS9|A0A1B7XXS9_COLHI	-0.0746	0.9114	0.2244	0.6384	0.2991	0.522	False	False	False
gene_8303	K03064	tr|A0A1B7YTT3|A0A1B7YTT3_COLHI	0.0547	0.8706	-0.0033	0.9865	-0.058	0.7974	False	False	False
gene_11634	K15628	tr|H1VZ23|H1VZ23_COLHI	-0.6602	0.2492	1.318	0.0071	1.9782	0.0007	False	True	True
gene_1870		tr|H1V5S1|H1V5S1_COLHI	-0.2019	0.5898	0.1407	0.5989	0.3427	0.1818	False	False	False
gene_4435	K00451	tr|A0A1B7YSY2|A0A1B7YSY2_COLHI	-0.2507	0.7351	-1.4083	0.011	-1.1576	0.0277	False	True	True
gene_3749	K12669	tr|H1VAH4|H1VAH4_COLHI	0.1285	0.8233	0.2922	0.4468	0.1637	0.6772	False	False	False
gene_742	K00764	tr|H1VD45|H1VD45_COLHI	0.1435	0.7141	-0.4206	0.1145	-0.564	0.04	False	False	False
gene_7669	K02875	tr|H1V2L7|H1V2L7_COLHI	-0.4143	0.3948	-0.0454	0.911	0.3689	0.2855	False	False	False
gene_3469	K00965	tr|A0A1B7XSG2|A0A1B7XSG2_COLHI	-0.9254	0.2273	-0.4719	0.4147	0.4535	0.4264	False	False	False
gene_7744	K14558	tr|H1V2Q4|H1V2Q4_COLHI	0.4816	0.6631					False	False	False
gene_5545	K00931	tr|A0A1B7YPX6|A0A1B7YPX6_COLHI							False	False	False
gene_11614	K00921	tr|A0A1B7YEB0|A0A1B7YEB0_COLHI	-0.3222	0.7938					False	False	False
gene_2601	K04078	tr|H1UZT2|H1UZT2_COLHI	0.2866	0.5606	-0.3782	0.2724	-0.6648	0.0578	False	False	False
gene_4217	K13338	tr|H1V7F3|H1V7F3_COLHI	-0.0061	0.9884	0.4601	0.064	0.4662	0.0604	False	False	False
gene_11289	K17103	tr|A0A1B7YV93|A0A1B7YV93_COLHI	0.2177	0.6727	0.236	0.5146	0.0183	0.9633	False	False	False
gene_6744	K01868	tr|H1VI40|H1VI40_COLHI	-0.1497	0.6249	0.1702	0.4345	0.3199	0.1312	False	False	False
gene_4354	K19788	tr|A0A1B7XYA6|A0A1B7XYA6_COLHI	0.0354	0.9284	0.0195	0.9355	-0.0159	0.9529	False	False	False
gene_10551	K13953	tr|H1V5B0|H1V5B0_COLHI	0.411	0.4942	-0.8377	0.0559	-1.2487	0.0089	False	False	True
gene_853	K12659	tr|A0A1B7Y8P0|A0A1B7Y8P0_COLHI	0.3333	0.3668	-0.0368	0.9047	-0.3701	0.1625	False	False	False
gene_3092	K00036	tr|A0A1B7YTM6|A0A1B7YTM6_COLHI	-0.2346	0.5367	-0.7916	0.0086	-0.557	0.0425	False	False	False
gene_11906	K01908	tr|H1W5B7|H1W5B7_COLHI	-1.7825	0.3404					False	False	False
gene_9875	K00626	tr|H1VLQ6|H1VLQ6_COLHI	0.0057	0.9836	-0.387	0.0384	-0.3927	0.0364	False	False	False
gene_7612	K18914	tr|H1VHK3|H1VHK3_COLHI	0.2821	0.3497	0.0419	0.8657	-0.2402	0.2629	False	False	False
gene_434	K00626	tr|A0A1B7YKE6|A0A1B7YKE6_COLHI	-0.3373	0.3551	-0.5796	0.0356	-0.2423	0.3589	False	False	False
gene_6295	K08267	tr|A0A1B7YMV0|A0A1B7YMV0_COLHI	-0.9866	0.0251	-1.1774	0.0018	-0.1908	0.5082	False	True	False
gene_12543	K01251	tr|H1VPW1|H1VPW1_COLHI	-0.1968	0.6705	-1.0029	0.0065	-0.8061	0.0182	False	True	False
gene_5561	K11786	tr|H1V1I7|H1V1I7_COLHI	0.1908	0.6477	0.2018	0.495	0.011	0.9742	False	False	False
gene_11959		tr|A0A1B7XYB4|A0A1B7XYB4_COLHI	-0.3514	0.771	-2.8015	0.0039	-2.4501	0.0066	False	True	True
gene_2524		tr|A0A1B7YE98|A0A1B7YE98_COLHI	-0.5642	0.479	-1.3152	0.0276	-0.751	0.1798	False	True	False
gene_6709	K18097	tr|H1UYJ0|H1UYJ0_COLHI	0.1148	0.7767	-0.577	0.0375	-0.6918	0.0164	False	False	False
gene_12740	K00772	tr|H1VGY0|H1VGY0_COLHI	-0.1067	0.7946	-0.0793	0.7891	0.0274	0.9309	False	False	False
gene_4716	K00133	tr|A0A1B7Y1L2|A0A1B7Y1L2_COLHI	0.1452	0.7877	-0.2652	0.4638	-0.4104	0.2396	False	False	False
gene_467	K16055	tr|A0A1B7YX33|A0A1B7YX33_COLHI	0.1001	0.8418	-0.7908	0.0205	-0.8909	0.0111	False	False	False
gene_11562		tr|A0A1B7XZM7|A0A1B7XZM7_COLHI	-0.0376	0.9385	-0.1042	0.7258	-0.0666	0.8254	False	False	False
gene_6043	K00052	tr|H1VZF1|H1VZF1_COLHI	-0.0872	0.8246	0.0579	0.8406	0.1451	0.5807	False	False	False
gene_240	K22133	tr|A0A1B7Y581|A0A1B7Y581_COLHI	0.4199	0.4297	-0.15	0.7098	-0.5699	0.131	False	False	False
gene_788	K00211	tr|A0A1B7YMJ4|A0A1B7YMJ4_COLHI	-0.5025	0.4161	-1.0467	0.0332	-0.5442	0.2371	False	True	False
gene_2078		tr|A0A1B7Y2U0|A0A1B7Y2U0_COLHI	0.0356	0.9768	-0.7196	0.308	-0.7552	0.2747	False	False	False
gene_10801	K01733	tr|A0A1B7Y2G0|A0A1B7Y2G0_COLHI	-0.0097	0.9808	0.2172	0.4091	0.2269	0.3799	False	False	False
gene_2525	K17450	tr|H1V377|H1V377_COLHI	0.1476	0.7946	0.7618	0.0484	0.6142	0.102	False	False	False
gene_2933	K17437	tr|A0A1B7YH26|A0A1B7YH26_COLHI	-0.231	0.8211	1.7198	0.0224	1.9509	0.0117	False	True	True
gene_4589	K01956	tr|H1UWD4|H1UWD4_COLHI	1.1701	0.0498	4.0969	0.0	2.9267	0.0	True	True	True
gene_1262	K02132	tr|H1VCR5|H1VCR5_COLHI	-0.1321	0.6836	-0.2753	0.2164	-0.1433	0.527	False	False	False
gene_11408	K03965	tr|H1VTV5|H1VTV5_COLHI			3.6098	0.003			False	True	False
gene_6133	K03936	tr|H1VG96|H1VG96_COLHI	-0.3605	0.5414	-0.4715	0.2542	-0.111	0.8051	False	False	False
gene_90	K03457	tr|A0A1B7XT67|A0A1B7XT67_COLHI	0.1671	0.7172	0.6744	0.0371	0.5073	0.1039	False	False	False
gene_4403	K01915	tr|H1V9T4|H1V9T4_COLHI	-0.2191	0.6962	-0.1158	0.7824	0.1032	0.8052	False	False	False
gene_12112	K11352	tr|H1V720|H1V720_COLHI	-0.2919	0.9005	4.3756	0.0082	4.6674	0.0025	False	True	True
gene_3539	K00706	tr|A0A1B7XZM4|A0A1B7XZM4_COLHI	0.4738	0.653	0.8546	0.2381	0.3808	0.609	False	False	False
gene_10234	K00693	tr|H1UWL5|H1UWL5_COLHI	-0.0956	0.8233	-0.6138	0.0344	-0.5182	0.0667	False	False	False
gene_9286	K00967	tr|A0A1B7Y4P5|A0A1B7Y4P5_COLHI	0.007	0.9892	-0.9176	0.0141	-0.9246	0.0131	False	False	False
gene_516	K00700	tr|A0A1B7XUY0|A0A1B7XUY0_COLHI	-0.0221	0.9681	-0.4377	0.183	-0.4157	0.2006	False	False	False
gene_11726	K01866	tr|H1V1C0|H1V1C0_COLHI	1.7044	0.1288	1.579	0.0635	-0.1254	0.8937	False	False	False
gene_12293	K14189	tr|A0A1B7Y4Q2|A0A1B7Y4Q2_COLHI	0.025	0.9768	0.039	0.9403	0.014	0.9793	False	False	False
gene_42	K08052	tr|A0A1B7XVC1|A0A1B7XVC1_COLHI	1.4058	0.0178	2.6939	0.0	1.288	0.003	True	True	True
gene_4557	K11808	tr|H1V8X3|H1V8X3_COLHI	0.5906	0.2134	0.2045	0.5701	-0.3861	0.2641	False	False	False
gene_6725	K00029	tr|A0A1B7YI88|A0A1B7YI88_COLHI	2.6933	0.0132	-0.0779	0.9167	-2.7711	0.0009	True	False	True
gene_2000	K02127	tr|H1VB52|H1VB52_COLHI	-0.1958	0.6655	-0.2979	0.3434	-0.1021	0.7593	False	False	False
gene_7220	K00074	tr|H1UXY2|H1UXY2_COLHI	0.1869	0.6933	0.1754	0.6001	-0.0116	0.9758	False	False	False
gene_5658	K03283	tr|H1UY09|H1UY09_COLHI	0.2582	0.6233	-1.3502	0.003	-1.6084	0.0009	False	True	True
gene_1085	K01705	tr|A0A1B7YIK5|A0A1B7YIK5_COLHI	0.3771	0.4005	-0.0882	0.8045	-0.4653	0.1458	False	False	False
gene_3933	K18592	tr|A0A1B7YCD6|A0A1B7YCD6_COLHI	0.2734	0.7862	-1.0014	0.1553	-1.2748	0.0752	False	False	False
gene_9005	K00559	tr|H1UY36|H1UY36_COLHI	0.4955	0.4596	-0.7607	0.133	-1.2562	0.0209	False	False	True
gene_5633	K01082	tr|H1V5A1|H1V5A1_COLHI	0.0419	0.9106	-0.0581	0.8122	-0.1	0.6617	False	False	False
gene_4721	K04486	tr|A0A1B7YKH3|A0A1B7YKH3_COLHI	0.0426	0.9602	0.1639	0.7716	0.1213	0.8298	False	False	False
gene_9996	K06185	tr|H1V1R9|H1V1R9_COLHI	0.4096	0.2365	-0.1844	0.4849	-0.5941	0.0278	False	False	False
gene_395	K00618	tr|A0A1B7YJZ4|A0A1B7YJZ4_COLHI	0.3302	0.3927	-0.2735	0.3274	-0.6037	0.0363	False	False	False
gene_8144	K00831	tr|H1UW52|H1UW52_COLHI	0.1248	0.8316	0.7518	0.0525	0.627	0.0986	False	False	False
gene_5123	K18624	tr|H1VDH0|H1VDH0_COLHI	-0.0816	0.8656	-0.0449	0.8952	0.0367	0.9121	False	False	False
gene_4882		tr|H1VDM1|H1VDM1_COLHI	-0.3859	0.5948	-0.8497	0.092	-0.4638	0.3521	False	False	False
gene_8849	K00728	tr|A0A1B7Y1K5|A0A1B7Y1K5_COLHI	-0.1104	0.8697	1.2674	0.0076	1.3778	0.0043	False	True	True
gene_7550	K18278	tr|A0A1B7YEG6|A0A1B7YEG6_COLHI	1.1847	0.1548					False	False	False
gene_12998	K01904	tr|H1VU11|H1VU11_COLHI	-1.1211	0.0757					False	False	False
gene_1868		tr|H1UZL7|H1UZL7_COLHI							False	False	False
gene_895	K01835	tr|A0A1B7XYU4|A0A1B7XYU4_COLHI	0.1738	0.6414	-0.7549	0.0093	-0.9287	0.0028	False	False	False
gene_2434	K13237	tr|A0A1B7XZC4|A0A1B7XZC4_COLHI	-0.3475	0.5234	0.9872	0.0171	1.3347	0.0033	False	False	True
gene_10177	K09458	tr|H1V657|H1V657_COLHI	0.8493	0.1761	0.6837	0.1439	-0.1656	0.7377	False	False	False
gene_1800	K00869	tr|H1V9Y7|H1V9Y7_COLHI	-0.1521	0.8406	1.0428	0.0366	1.1949	0.0199	False	True	True
gene_2791	K01937	tr|A0A1B7Y076|A0A1B7Y076_COLHI	-0.3271	0.3168	0.519	0.0359	0.8461	0.0029	False	False	False
gene_3389	K00323	tr|A0A1B7YIU6|A0A1B7YIU6_COLHI	-0.7838	0.3803	1.8098	0.0111	2.5936	0.0014	False	True	True
gene_3298	K22832	tr|A0A1B7XX19|A0A1B7XX19_COLHI	0.1214	0.9236	-1.3753	0.0648	-1.4967	0.047	False	False	True
gene_7993	K03937	tr|H1UWG5|H1UWG5_COLHI	-0.0133	0.9925	0.8598	0.4793	0.8732	0.4604	False	False	False
gene_4370	K01749	tr|H1VUV6|H1VUV6_COLHI	-0.1111	0.7743	0.1082	0.6877	0.2193	0.3902	False	False	False
gene_11350	K11269	tr|A0A1B7YKS8|A0A1B7YKS8_COLHI	0.8152	0.1247	0.9399	0.025	0.1247	0.7679	False	False	False
gene_12199	K13354	tr|A0A1B7YPC0|A0A1B7YPC0_COLHI	-0.8188	0.0793	0.8758	0.0168	1.6947	0.0004	False	False	True
gene_2904		tr|A0A1B7XY39|A0A1B7XY39_COLHI					2.8571	0.0112	False	False	True
gene_4408	K22831	tr|A0A1B7XW22|A0A1B7XW22_COLHI	-0.4857	0.6645	-0.8964	0.2457	-0.4107	0.6033	False	False	False
gene_4909	K13566	tr|H1UWX8|H1UWX8_COLHI	0.3822	0.3946	-0.5085	0.1156	-0.8907	0.0116	False	False	False
gene_5504	K23039	tr|A0A1B7YTD1|A0A1B7YTD1_COLHI	0.139	0.8223	0.9017	0.0312	0.7627	0.0604	False	False	False
gene_3401		tr|H1VUF5|H1VUF5_COLHI	-0.2608	0.5503	-0.2335	0.4519	0.0272	0.9398	False	False	False
gene_8338	K00624	tr|A0A1B7YJN2|A0A1B7YJN2_COLHI	-0.1315	0.7742	0.0989	0.7644	0.2305	0.4458	False	False	False
gene_11836	K01599	tr|A0A1B7YV71|A0A1B7YV71_COLHI	0.2078	0.6044	-0.1521	0.5949	-0.36	0.1899	False	False	False
gene_3929	K00858	tr|H1UVS2|H1UVS2_COLHI	-0.8339	0.105	-0.4058	0.309	0.4281	0.2736	False	False	False
gene_11955	K03955	tr|H1VF70|H1VF70_COLHI	0.6077	0.2192	-0.1123	0.779	-0.7199	0.0544	False	False	False
gene_6518	K01760	tr|H1VTI1|H1VTI1_COLHI	1.2927	0.0344					True	False	False
gene_11588	K18550	tr|A0A1B7Y1E8|A0A1B7Y1E8_COLHI	0.2043	0.8316	-0.19	0.7789	-0.3943	0.5319	False	False	False
gene_9278	K01895	tr|A0A1B7Y2A7|A0A1B7Y2A7_COLHI	0.3611	0.2328	-0.0263	0.9185	-0.3874	0.0867	False	False	False
gene_9209	K00966	tr|H1VBL5|H1VBL5_COLHI	0.1734	0.648	-0.7408	0.0109	-0.9142	0.0033	False	False	False
gene_11328	K00134	tr|H1VRA2|H1VRA2_COLHI	0.5413	0.2377	-0.9872	0.0096	-1.5285	0.0008	False	False	True
gene_6595	K17686	tr|A0A1B7YDZ8|A0A1B7YDZ8_COLHI	0.4847	0.6836					False	False	False
gene_2673	K13955	tr|H1V3A7|H1V3A7_COLHI	-0.5209	0.488	-0.6133	0.2511	-0.0925	0.8779	False	False	False
gene_13023	K00859	tr|H1VGV2|H1VGV2_COLHI	-0.2944	0.5259	-0.2179	0.5139	0.0764	0.8299	False	False	False
gene_8562	K01720	tr|H1UY22|H1UY22_COLHI	-0.1746	0.5648	-0.5045	0.0246	-0.3299	0.1177	False	False	False
gene_3311	K09699	tr|A0A1B7YTI0|A0A1B7YTI0_COLHI	-0.5662	0.3804	-1.0826	0.0272	-0.5164	0.259	False	True	False
gene_4017	K01057	tr|A0A1B7YQ40|A0A1B7YQ40_COLHI	0.6708	0.4297	-1.3027	0.0381	-1.9735	0.0049	False	True	True
gene_7813	K01194	tr|A0A1B7YVL4|A0A1B7YVL4_COLHI	-1.1018	0.479	-2.0999	0.0622	-0.9981	0.365	False	False	False
gene_7078	K00417	tr|H1V4X5|H1V4X5_COLHI	0.7052	0.4324	3.9462	0.0002	3.241	0.0003	False	True	True
gene_12702	K00297	tr|A0A1B7YIU0|A0A1B7YIU0_COLHI	0.1617	0.7711	-0.7427	0.0494	-0.9045	0.0211	False	False	False
gene_622	K00826	tr|H1VX68|H1VX68_COLHI	0.1435	0.739	-0.4343	0.1319	-0.5778	0.0505	False	False	False
gene_8146		tr|A0A1B7Y2M7|A0A1B7Y2M7_COLHI	-0.3601	0.519	0.665	0.0916	1.0251	0.0155	False	False	True
gene_7471	K02147	tr|A0A1B7Y2K3|A0A1B7Y2K3_COLHI	-0.1351	0.648	-0.733	0.0035	-0.598	0.0086	False	False	False
gene_12935		tr|H1V1F1|H1V1F1_COLHI	-0.6451	0.1706	-0.0694	0.8683	0.5757	0.1189	False	False	False
gene_2828	K00326	tr|A0A1B7XYL0|A0A1B7XYL0_COLHI	-0.5297	0.5238	-0.6764	0.247	-0.1467	0.8165	False	False	False
gene_9556	K00794	tr|H1UYM9|H1UYM9_COLHI	0.3013	0.4644	0.138	0.6524	-0.1633	0.587	False	False	False
gene_3869	K06126	tr|H1VB50|H1VB50_COLHI	0.8216	0.384					False	False	False
gene_9328	K01598	tr|H1V107|H1V107_COLHI	-0.3249	0.5879	0.7113	0.0893	1.0362	0.0197	False	False	True
gene_8769	K14262	tr|A0A1B7Y575|A0A1B7Y575_COLHI	0.6056	0.722	1.606	0.2274	1.0004	0.4499	False	False	False
gene_10251		tr|A0A1B7YB35|A0A1B7YB35_COLHI	0.7825	0.6698	0.7726	0.5496	-0.0099	0.9954	False	False	False
gene_11004	K00894	tr|H1VRD8|H1VRD8_COLHI	0.3639	0.4625	-0.6226	0.0807	-0.9865	0.0111	False	False	False
gene_12765	K12398	tr|A0A1B7Y710|A0A1B7Y710_COLHI	0.5205	0.1273	0.8616	0.0046	0.3411	0.1751	False	False	False
gene_10803	K01626	tr|H1VAS2|H1VAS2_COLHI	-0.0393	0.9213	-0.3837	0.0987	-0.3444	0.1336	False	False	False
gene_4517	K16639	tr|H1VWD5|H1VWD5_COLHI	-1.5561	0.1469	-2.7638	0.0043	-1.2077	0.1308	False	True	False
gene_12238		tr|H1V0G2|H1V0G2_COLHI	-0.6145	0.6744	1.0777	0.2851	1.6922	0.0938	False	False	False
gene_7944	K08967	tr|A0A1B7YP92|A0A1B7YP92_COLHI	-0.3745	0.2425	-0.7658	0.0061	-0.3913	0.102	False	False	False
gene_10016	K17497	tr|H1VGM8|H1VGM8_COLHI	0.4364	0.2683	0.8499	0.0093	0.4135	0.1517	False	False	False
gene_1783	K01497	tr|A0A1B7Y503|A0A1B7Y503_COLHI	0.2973	0.816	-0.865	0.3313	-1.1623	0.1839	False	False	False
gene_10353	K22834	tr|H1VLX9|H1VLX9_COLHI	-0.0571	0.9539	-0.8918	0.145	-0.8347	0.1672	False	False	False
gene_11290	K11204	tr|A0A1B7Y6P7|A0A1B7Y6P7_COLHI	-0.0227	0.9664	0.2096	0.519	0.2323	0.4667	False	False	False
gene_1982	K19801	tr|H1V9F4|H1V9F4_COLHI							False	False	False
gene_9149	K01537	tr|A0A1B7Y2T6|A0A1B7Y2T6_COLHI	0.3096	0.5959	0.3029	0.4635	-0.0067	0.9885	False	False	False
gene_867	K23856	tr|A0A1B7YIX6|A0A1B7YIX6_COLHI	0.1754	0.7323	-0.2724	0.4355	-0.4478	0.1852	False	False	False
gene_525	K22278	tr|A0A1B7XYQ9|A0A1B7XYQ9_COLHI	0.0746	0.9777					False	False	False
gene_3875	K03941	tr|H1VU54|H1VU54_COLHI	0.0289	0.9669	1.1188	0.0144	1.0899	0.0159	False	True	True
gene_7169	K20279	tr|A0A1B7YUS0|A0A1B7YUS0_COLHI	-0.5311	0.7229					False	False	False
gene_11428	K00948	tr|H1VBV3|H1VBV3_COLHI					-0.4332	0.587	False	False	False
gene_6968	K01873	tr|H1VTX2|H1VTX2_COLHI	0.2035	0.5361	0.4469	0.0574	0.2434	0.284	False	False	False
gene_2528	K03963	tr|H1VU86|H1VU86_COLHI	-0.605	0.4395	1.104	0.0538	1.709	0.0067	False	False	True
gene_10110	K03360	tr|A0A1B7XWW8|A0A1B7XWW8_COLHI	0.4945	0.7403	0.1739	0.8952	-0.3206	0.7976	False	False	False
gene_2662	K00787	tr|H1V3C8|H1V3C8_COLHI	0.2475	0.5461	-0.9373	0.0054	-1.1848	0.0012	False	False	True
gene_10093		tr|H1VSJ7|H1VSJ7_COLHI	-0.4174	0.696	0.7079	0.3372	1.1253	0.1226	False	False	False
gene_11861	K01556	tr|H1VHT7|H1VHT7_COLHI	-0.2214	0.696	-1.0241	0.0153	-0.8027	0.0443	False	True	False
gene_9798	K16938	tr|A0A1B7Y3Z7|A0A1B7Y3Z7_COLHI	1.0518	0.0872	1.3062	0.0093	0.2545	0.5781	False	True	False
gene_9101	K11415	tr|A0A1B7XSY9|A0A1B7XSY9_COLHI	-0.5155	0.6576	-1.5209	0.1039	-1.0053	0.2712	False	False	False
gene_304	K15192	tr|A0A1B7YQ75|A0A1B7YQ75_COLHI	0.3955	0.6063	1.5396	0.0139	1.1441	0.05	False	True	True
gene_10178	K18083	tr|H1W572|H1W572_COLHI	0.0105	0.9886	1.312	0.0087	1.3015	0.0084	False	True	True
gene_9796	K00228	tr|A0A1B7XUX5|A0A1B7XUX5_COLHI	0.2113	0.5503	-0.9072	0.0031	-1.1184	0.0008	False	False	True
gene_637		tr|A0A1B7XX84|A0A1B7XX84_COLHI	0.0668	0.9403					False	False	False
gene_2140	K00344	tr|A0A1B7YKT7|A0A1B7YKT7_COLHI	0.3508	0.4796	-0.9601	0.0132	-1.311	0.0023	False	False	True
gene_8326	K01687	tr|H1VEU7|H1VEU7_COLHI	0.0574	0.932	0.8434	0.031	0.786	0.0412	False	False	False
gene_4885		tr|A0A1B7YDK0|A0A1B7YDK0_COLHI	0.5251	0.2413	-0.6305	0.0632	-1.1556	0.0034	False	False	True
gene_6560	K01698	tr|H1V9H2|H1V9H2_COLHI	0.4127	0.373	-0.611	0.1169	-1.0237	0.0163	False	False	True
gene_7723	K14263	tr|H1VH96|H1VH96_COLHI	-0.0742	0.885	0.2981	0.3523	0.3723	0.2344	False	False	False
gene_9725	K20293	tr|H1VLF9|H1VLF9_COLHI	-0.3426	0.4613	2.0759	0.0003	2.4185	0.0001	False	True	True
gene_5300	K13509	tr|H1VAL9|H1VAL9_COLHI	0.394	0.5426	0.2342	0.6176	-0.1598	0.7386	False	False	False
gene_8420	K01182	tr|H1V4L3|H1V4L3_COLHI	0.1086	0.938	1.58	0.085	1.4714	0.105	False	False	False
gene_11109		tr|A0A1B7YUG3|A0A1B7YUG3_COLHI	-0.1093	0.8667	-0.6472	0.1071	-0.538	0.1738	False	False	False
gene_1425	K00761	tr|H1V3A1|H1V3A1_COLHI	0.2511	0.7433	1.0289	0.0504	0.7777	0.1271	False	False	False
gene_11990	K00948	tr|A0A1B7Y212|A0A1B7Y212_COLHI	0.7342	0.2413	0.1771	0.7234	-0.5571	0.2251	False	False	False
gene_3711		tr|H1VE26|H1VE26_COLHI	-0.0195	0.9777	0.2386	0.5761	0.2581	0.5419	False	False	False
gene_7602		tr|H1VDZ6|H1VDZ6_COLHI	1.6585	0.0559					False	False	False
gene_1703	K08964	tr|H1VQD6|H1VQD6_COLHI	-0.5714	0.4907	-0.9805	0.1192	-0.4091	0.5208	False	False	False
gene_7690	K01069	tr|A0A1B7YJ09|A0A1B7YJ09_COLHI	-0.3091	0.6615	-1.4576	0.008	-1.1486	0.025	False	True	True
gene_8978	K01187	tr|A0A1B7Y741|A0A1B7Y741_COLHI	-0.6941	0.5975	-1.3012	0.1535	-0.6071	0.5124	False	False	False
gene_9244	K00968	tr|H1VQN5|H1VQN5_COLHI	-0.2395	0.6777	-0.6978	0.0805	-0.4583	0.2393	False	False	False
gene_5820	K14863	tr|H1V5N7|H1V5N7_COLHI	1.098	0.0607	0.6621	0.1022	-0.4359	0.2734	False	False	False
gene_1389	K03949	tr|H1VN44|H1VN44_COLHI	-0.1024	0.8371	-0.061	0.8661	0.0415	0.9078	False	False	False
gene_12376		tr|A0A1B7XUA1|A0A1B7XUA1_COLHI	1.268	0.2365	4.7654	0.0002	3.4975	0.0009	False	True	True
gene_5822	K17878	tr|H1VJ66|H1VJ66_COLHI	0.0016	0.9981					False	False	False
gene_12742	K00981	tr|A0A1B7YLV6|A0A1B7YLV6_COLHI	-0.5513	0.2779	-0.1745	0.655	0.3767	0.3095	False	False	False
gene_6598	K03265	tr|A0A1B7YNW7|A0A1B7YNW7_COLHI	0.4705	0.4151	-1.1319	0.0126	-1.6023	0.0017	False	True	True
gene_4700		tr|H1VS45|H1VS45_COLHI	1.0525	0.0285	0.8366	0.0141	-0.216	0.4926	True	False	False
gene_10106	K01410	tr|A0A1B7YU19|A0A1B7YU19_COLHI							False	False	False
gene_2283	K03061	tr|H1VLE4|H1VLE4_COLHI	-0.1704	0.5501	0.0901	0.6648	0.2605	0.1841	False	False	False
gene_10386		tr|H1W1D6|H1W1D6_COLHI	0.7859	0.1534	-0.3616	0.3848	-1.1475	0.0111	False	False	True
gene_8037		tr|A0A1B7Y4J3|A0A1B7Y4J3_COLHI	1.2409	0.1063					False	False	False
gene_1625	K00088	tr|H1V1Y3|H1V1Y3_COLHI	0.5152	0.1707	-0.1177	0.6894	-0.6329	0.0309	False	False	False
gene_5593	K01758	tr|H1UZ80|H1UZ80_COLHI	-0.3958	0.5274	-0.2265	0.6194	0.1693	0.7167	False	False	False
gene_4521		tr|A0A1B7Y6F9|A0A1B7Y6F9_COLHI	-0.7323	0.1893	-0.2335	0.5846	0.4988	0.223	False	False	False
gene_5936	K10524	tr|H1VLB6|H1VLB6_COLHI	0.8127	0.5204					False	False	False
gene_7012	K10256	tr|H1VA21|H1VA21_COLHI	2.1487	0.0792					False	False	False
gene_1399	K14022	tr|A0A1B7YK37|A0A1B7YK37_COLHI	0.0487	0.8882	0.0418	0.864	-0.0069	0.9776	False	False	False
gene_1328		tr|A0A1B7YVL8|A0A1B7YVL8_COLHI	-1.6758	0.0992	-0.6843	0.3599	0.9915	0.1751	False	False	False
gene_5089	K00789	tr|A0A1B7XZ09|A0A1B7XZ09_COLHI	-0.242	0.6637	-0.314	0.4196	-0.072	0.8659	False	False	False
gene_1734		tr|H1V628|H1V628_COLHI	0.2106	0.8223	0.6053	0.3493	0.3947	0.522	False	False	False
gene_6706	K00801	tr|H1UX91|H1UX91_COLHI	0.2366	0.6836	0.748	0.0653	0.5114	0.1946	False	False	False
gene_9147	K02151	tr|A0A1B7YAP9|A0A1B7YAP9_COLHI	-0.4821	0.6518	-0.733	0.3217	-0.2509	0.7479	False	False	False
gene_8890		tr|A0A1B7YTK3|A0A1B7YTK3_COLHI	-0.3656	0.4005	-1.0129	0.0058	-0.6473	0.0443	False	True	False
gene_12498	K24137	tr|A0A1B7YF50|A0A1B7YF50_COLHI	0.7916	0.0712	-0.7111	0.0308	-1.5027	0.0005	False	False	True
gene_2195	K15102	tr|A0A1B7YTC7|A0A1B7YTC7_COLHI	0.0255	0.9715	0.9305	0.032	0.9049	0.0359	False	False	False
gene_9922	K01440	tr|H1V0E3|H1V0E3_COLHI	0.3617	0.4376					False	False	False
gene_5741	K16261	tr|H1UZD7|H1UZD7_COLHI	-0.982	0.133	1.5653	0.006	2.5473	0.0003	False	True	True
gene_3432	K01876	tr|A0A1B7YE61|A0A1B7YE61_COLHI	0.7539	0.5503	0.2562	0.8044	-0.4976	0.603	False	False	False
gene_8161	K11230	tr|H1UVZ3|H1UVZ3_COLHI	0.7664	0.0798	0.3595	0.2587	-0.4068	0.1946	False	False	False
gene_2512	K00643	tr|H1VKD0|H1VKD0_COLHI					-0.6028	0.2597	False	False	False
gene_3513	K00128	tr|A0A1B7Y5F9|A0A1B7Y5F9_COLHI	-0.0885	0.9423	0.685	0.4275	0.7736	0.3593	False	False	False
gene_12696	K13339	tr|H1V460|H1V460_COLHI	-0.1532	0.6961	0.1887	0.4949	0.3419	0.1971	False	False	False
gene_2864	K03885	tr|H1UYW8|H1UYW8_COLHI	0.0598	0.8755	-0.308	0.1921	-0.3678	0.1189	False	False	False
gene_2821	K14154	tr|A0A1B7YPK3|A0A1B7YPK3_COLHI	-0.0767	0.8837	-0.7918	0.0216	-0.7151	0.0338	False	False	False
gene_740	K17878	tr|H1VT33|H1VT33_COLHI	-0.0501	0.9528	0.0385	0.9451	0.0886	0.878	False	False	False
gene_4133	K00226	tr|A0A1B7Y6C3|A0A1B7Y6C3_COLHI	0.247	0.5948	-0.2135	0.5155	-0.4605	0.1481	False	False	False
gene_1276	K08963	tr|A0A1B7XX61|A0A1B7XX61_COLHI	0.3858	0.5394	-0.0527	0.9181	-0.4385	0.3154	False	False	False
gene_8546	K03953	tr|A0A1B7XZM0|A0A1B7XZM0_COLHI	-0.356	0.4625	0.6451	0.066	1.0011	0.0091	False	False	True
gene_10957	K01673	tr|A0A1B7YQX6|A0A1B7YQX6_COLHI	-0.044	0.9497	-0.3945	0.3492	-0.3505	0.3999	False	False	False
gene_10989	K22836	tr|H1VQQ0|H1VQQ0_COLHI	-0.2418	0.8223	-1.9392	0.0117	-1.6974	0.0217	False	True	True
gene_5176	K21618	tr|A0A1B7YQC6|A0A1B7YQC6_COLHI	0.5757	0.0734	-0.4177	0.0744	-0.9934	0.001	False	False	False
gene_10382	K01754	tr|A0A1B7Y6Y3|A0A1B7Y6Y3_COLHI	0.2132	0.7537	-0.3055	0.5071	-0.5188	0.242	False	False	False
gene_10045	K15628	tr|A0A1B7YDQ1|A0A1B7YDQ1_COLHI	-0.3843	0.5859	0.6138	0.2096	0.9981	0.0472	False	False	False
gene_4234	K00679	tr|A0A1B7YVB1|A0A1B7YVB1_COLHI	-0.0506	0.9528	0.9755	0.0644	1.0262	0.0531	False	False	False
gene_7999		tr|A0A1B7YN50|A0A1B7YN50_COLHI	1.1266	0.3497					False	False	False
gene_3806	K01477	tr|H1VTI0|H1VTI0_COLHI	-0.295	0.7062	-0.9464	0.1286	-0.6514	0.2859	False	False	False
gene_4468	K11681	tr|H1V414|H1V414_COLHI	0.8413	0.3491					False	False	False
gene_6629	K01890	tr|H1VLY2|H1VLY2_COLHI	0.0669	0.8947	-0.1466	0.6458	-0.2135	0.4882	False	False	False
gene_1839	K14004	tr|H1VFV3|H1VFV3_COLHI	0.1909	0.6393	0.2993	0.2904	0.1084	0.7167	False	False	False
gene_1753	K01092	tr|A0A1B7XT79|A0A1B7XT79_COLHI	-0.0065	0.9908	-0.2526	0.5425	-0.2461	0.5515	False	False	False
gene_7097	K00654	tr|H1VWB7|H1VWB7_COLHI	0.8109	0.2019					False	False	False
gene_7271	K03964	tr|A0A1B7XXA0|A0A1B7XXA0_COLHI	0.82	0.5382	0.6128	0.5202	-0.2072	0.8398	False	False	False
gene_3212	K05841	tr|A0A1B7YX64|A0A1B7YX64_COLHI	-0.4128	0.7119	-3.2572	0.0014	-2.8443	0.0021	False	True	True
gene_3601		tr|H1VWM8|H1VWM8_COLHI	0.8999	0.2212	-0.3314	0.5549	-1.2314	0.0317	False	False	True
gene_3452	K00451	tr|A0A1B7YK57|A0A1B7YK57_COLHI							False	False	False
gene_888		tr|A0A1B7YQV5|A0A1B7YQV5_COLHI							False	False	False
gene_6415	K01736	tr|A0A1B7Y3Z2|A0A1B7Y3Z2_COLHI	0.5434	0.2156	0.0738	0.8395	-0.4696	0.1452	False	False	False
gene_10336		tr|H1VNM3|H1VNM3_COLHI	-1.7539	0.1771	-4.4521	0.0025	-2.6981	0.0237	False	True	True
gene_11615	K08738	tr|H1W4E8|H1W4E8_COLHI	0.1241	0.8595	0.3924	0.3738	0.2683	0.5468	False	False	False
gene_3329	K01078	tr|A0A1B7YGY1|A0A1B7YGY1_COLHI	-1.6248	0.0428	0.1005	0.8744	1.7252	0.0111	True	False	True
gene_7206	K01536	tr|H1VWL2|H1VWL2_COLHI			0.8692	0.1038			False	False	False
gene_8874	K03942	tr|H1UZB3|H1UZB3_COLHI	0.0994	0.8366	0.6092	0.053	0.5098	0.0986	False	False	False
gene_6532	K02149	tr|A0A1B7YAB8|A0A1B7YAB8_COLHI	-0.0829	0.8741	0.1012	0.7751	0.1841	0.5789	False	False	False
gene_1965		tr|A0A1B7Y6U5|A0A1B7Y6U5_COLHI	0.6939	0.5223	-0.4329	0.5789	-1.1269	0.0926	False	False	False
gene_12165	K02136	tr|A0A1B7YTN2|A0A1B7YTN2_COLHI	0.0175	0.9724	-0.9305	0.0063	-0.948	0.0049	False	False	False
gene_12913		tr|H1V1B0|H1V1B0_COLHI	-0.6472	0.6548	-3.5487	0.0036	-2.9015	0.0087	False	True	True
gene_11412	K01113	tr|H1VA66|H1VA66_COLHI	-0.0355	0.96	0.559	0.1802	0.5944	0.1518	False	False	False
gene_12310	K01180	tr|A0A1B7YBA0|A0A1B7YBA0_COLHI	-1.1997	0.1401	-2.0186	0.005	-0.8189	0.1698	False	True	False
gene_5707	K18551	tr|A0A1B7YJT2|A0A1B7YJT2_COLHI	-0.2422	0.8548	0.404	0.6535	0.6461	0.3939	False	False	False
gene_1998		tr|H1V952|H1V952_COLHI							False	False	False
gene_1066	K09680	tr|H1VJF2|H1VJF2_COLHI	-1.211	0.1199	-0.0897	0.8926	1.1213	0.0571	False	False	False
gene_3939	K00620	tr|H1W484|H1W484_COLHI	-0.1051	0.8697	-0.283	0.4861	-0.1779	0.664	False	False	False
gene_2758	K01930	tr|A0A1B7YDH6|A0A1B7YDH6_COLHI	-0.9836	0.4641	0.943	0.3285	1.9267	0.0404	False	False	True
gene_3724	K01918	tr|A0A1B7YL21|A0A1B7YL21_COLHI	0.2972	0.6833	3.0633	0.0002	2.766	0.0002	False	True	True
gene_10209	K14794	tr|H1VTV1|H1VTV1_COLHI							False	False	False
gene_7709	K03361	tr|H1UVJ0|H1UVJ0_COLHI	0.1101	0.8366	-0.4423	0.1921	-0.5523	0.1048	False	False	False
gene_11913	K03946	tr|A0A1B7Y179|A0A1B7Y179_COLHI	-0.4436	0.425	1.371	0.0042	1.8146	0.0007	False	True	True
gene_7035	K01653	tr|H1W453|H1W453_COLHI	0.4931	0.2477	-0.428	0.1756	-0.921	0.009	False	False	False
gene_2010	K00942	tr|A0A1B7Y429|A0A1B7Y429_COLHI	0.0224	0.9805	-0.0895	0.8852	-0.1119	0.8522	False	False	False
gene_1711	K00818	tr|H1VKK6|H1VKK6_COLHI	0.8584	0.5154	0.0405	0.9693	-0.8179	0.3778	False	False	False
gene_6359		tr|H1W341|H1W341_COLHI	0.0952	0.8693	0.2133	0.5569	0.118	0.7539	False	False	False
gene_1509	K11173	tr|H1V8F4|H1V8F4_COLHI	-0.5686	0.2155	-0.6362	0.065	-0.0676	0.8576	False	False	False
gene_785	K14572	tr|A0A1B7YPS0|A0A1B7YPS0_COLHI							False	False	False
gene_581	K01120	tr|H1VGT2|H1VGT2_COLHI					1.4217	0.0044	False	False	True
gene_8471	K00380	tr|A0A1B7YBZ2|A0A1B7YBZ2_COLHI	-0.0315	0.9805	-1.7994	0.031	-1.7679	0.0333	False	True	True
gene_12185	K00326	tr|A0A1B7YNM0|A0A1B7YNM0_COLHI	0.649	0.274	-0.2702	0.5462	-0.9192	0.0417	False	False	False
gene_9484	K00416	tr|A0A1B7YBJ8|A0A1B7YBJ8_COLHI	-0.6321	0.2463	-0.2328	0.5767	0.3993	0.3198	False	False	False
gene_1024	K15100	tr|A0A1B7YRW1|A0A1B7YRW1_COLHI	0.3051	0.7924	0.5485	0.483	0.2434	0.7638	False	False	False
gene_11124	K17743	tr|H1UXP7|H1UXP7_COLHI	0.3185	0.5824	1.2987	0.0058	0.9802	0.0217	False	True	False
gene_6533	K01052	tr|A0A1B7YV29|A0A1B7YV29_COLHI	-0.0721	0.9528					False	False	False
gene_12145	K00586	tr|H1UYH6|H1UYH6_COLHI	-0.005	0.9905	-0.2543	0.4014	-0.2493	0.4033	False	False	False
gene_5506	K10251	tr|H1UWZ2|H1UWZ2_COLHI	0.2373	0.7736	0.6538	0.2298	0.4165	0.4436	False	False	False
gene_3493	K00900	tr|H1VI12|H1VI12_COLHI	0.4818	0.649	1.4514	0.0524	0.9696	0.1787	False	False	False
gene_10696	K00601	tr|A0A1B7XZB0|A0A1B7XZB0_COLHI	0.333	0.2788	-0.058	0.8175	-0.391	0.0867	False	False	False
gene_4844		tr|A0A1B7YWH7|A0A1B7YWH7_COLHI	-2.8941	0.0399	-3.1394	0.005	-0.2452	0.81	True	True	False
gene_11582	K01444	tr|A0A1B7YKI9|A0A1B7YKI9_COLHI							False	False	False
gene_8159	K03426	tr|A0A1B7YP29|A0A1B7YP29_COLHI	0.3615	0.5057	-0.2542	0.5156	-0.6157	0.1078	False	False	False
gene_7951	K01759	tr|H1W3T5|H1W3T5_COLHI	-1.0225	0.1098	-1.8631	0.0022	-0.8406	0.0778	False	True	False
gene_12791	K00953	tr|A0A1B7Y4D7|A0A1B7Y4D7_COLHI	0.0005	0.9995	0.0395	0.9236	0.039	0.9273	False	False	False
gene_6399		tr|A0A1B7XZJ4|A0A1B7XZJ4_COLHI							False	False	False
gene_4147	K01687	tr|A0A1B7YM43|A0A1B7YM43_COLHI	0.0875	0.8551	-0.1337	0.668	-0.2212	0.4598	False	False	False
gene_8056	K15384	tr|A0A1B7YRI8|A0A1B7YRI8_COLHI							False	False	False
gene_2076	K10808	tr|H1VGD0|H1VGD0_COLHI	0.2156	0.7552	-1.2666	0.0122	-1.4822	0.005	False	True	True
gene_9884	K01079	tr|A0A1B7Y8X3|A0A1B7Y8X3_COLHI	0.3363	0.6561	0.5341	0.3064	0.1978	0.7186	False	False	False
gene_13011	K11253	tr|A0A1B7XV88|A0A1B7XV88_COLHI	1.2827	0.2748	2.8702	0.0052	1.5875	0.0709	False	True	False
gene_9741	K04711	tr|H1V433|H1V433_COLHI	0.896	0.0611	-0.7064	0.0403	-1.6024	0.0005	False	False	True
gene_7306	K01530	tr|H1V3J4|H1V3J4_COLHI	0.1122	0.8755	-0.0446	0.9262	-0.1568	0.7398	False	False	False
gene_12527	K00698	tr|A0A1B7Y5T5|A0A1B7Y5T5_COLHI	0.6245	0.6691	1.2726	0.2324	0.6481	0.5258	False	False	False
gene_31	K19703	tr|H1VTE9|H1VTE9_COLHI	-0.4817	0.3563	-1.4583	0.0025	-0.9766	0.0171	False	True	False
gene_4937	K17541	tr|A0A1B7XSV5|A0A1B7XSV5_COLHI							False	False	False
gene_1087		tr|A0A1B7YB10|A0A1B7YB10_COLHI	0.4004	0.5505	0.5692	0.2256	0.1688	0.7338	False	False	False
gene_8601	K12820	tr|A0A1B7Y2E9|A0A1B7Y2E9_COLHI	0.7934	0.4376	0.0911	0.9146	-0.7023	0.3309	False	False	False
gene_5353	K02148	tr|H1W3S3|H1W3S3_COLHI	-0.0406	0.9094	-0.5202	0.0205	-0.4796	0.0295	False	False	False
gene_910	K11353	tr|H1UXS2|H1UXS2_COLHI					5.0735	0.0026	False	False	True
gene_9499	K00006	tr|A0A1B7XXQ2|A0A1B7XXQ2_COLHI	-0.335	0.5031	-0.2622	0.495	0.0728	0.8606	False	False	False
gene_6720	K07101	tr|H1W3Y4|H1W3Y4_COLHI	0.6189	0.1196	0.6829	0.0279	0.064	0.843	False	False	False
gene_2727		tr|A0A1B7Y549|A0A1B7Y549_COLHI							False	False	False
gene_1198	K01869	tr|H1VEJ7|H1VEJ7_COLHI	1.107	0.2079	2.9797	0.0019	1.8727	0.0071	False	True	True
gene_4099	K12813	tr|H1UXZ4|H1UXZ4_COLHI							False	False	False
gene_128		tr|H1VFT8|H1VFT8_COLHI	-1.1159	0.2296	-0.1538	0.842	0.962	0.1592	False	False	False
gene_353	K02259	tr|H1V8F7|H1V8F7_COLHI							False	False	False
gene_4664	K09829	tr|H1VPK2|H1VPK2_COLHI	-0.3028	0.6969	-1.604	0.0116	-1.3012	0.0301	False	True	True
gene_9829	K22762	tr|H1V7Y8|H1V7Y8_COLHI	1.5329	0.0721	1.013	0.0979	-0.5199	0.392	False	False	False
gene_4125	K02889	tr|H1V0I3|H1V0I3_COLHI	0.2031	0.9084	3.4088	0.0055	3.2056	0.0066	False	True	True
gene_11517	K03786	tr|H1V5S4|H1V5S4_COLHI	-0.6882	0.2365					False	False	False
gene_9939	K14171	tr|A0A1B7Y199|A0A1B7Y199_COLHI	1.4456	0.2393	-2.0831	0.0298	-3.5287	0.0018	False	True	True
gene_5630	K01551	tr|A0A1B7Y6N3|A0A1B7Y6N3_COLHI	-0.0467	0.9403	-0.8517	0.0257	-0.8049	0.0328	False	False	False
gene_11061		tr|A0A1B7YG16|A0A1B7YG16_COLHI	0.1188	0.9318					False	False	False
gene_8488		tr|A0A1B7YRR4|A0A1B7YRR4_COLHI	-0.8214	0.5931	-1.183	0.2666	-0.3616	0.7485	False	False	False
gene_8040	K18660	tr|A0A1B7YDR0|A0A1B7YDR0_COLHI	0.7454	0.358	1.0051	0.0906	0.2596	0.6728	False	False	False
gene_5834	K03940	tr|A0A1B7Y6B6|A0A1B7Y6B6_COLHI	-0.7964	0.3922	1.9381	0.0066	2.7345	0.0015	False	True	True
gene_646	K00223	tr|A0A1B7Y5H5|A0A1B7Y5H5_COLHI							False	False	False
gene_8583		tr|H1VGR3|H1VGR3_COLHI	-2.735	0.0872					False	False	False
gene_10107	K06158	tr|H1V5A4|H1V5A4_COLHI	0.3143	0.3104	0.1079	0.6463	-0.2064	0.3578	False	False	False
gene_1165	K15110	tr|H1UYL4|H1UYL4_COLHI	-0.3226	0.6744	0.7557	0.1513	1.0784	0.0466	False	False	True
gene_3662	K24160	tr|A0A1B7YMV9|A0A1B7YMV9_COLHI	-0.2213	0.8755	-1.4581	0.1196	-1.2368	0.1805	False	False	False
gene_5996		tr|H1VSE1|H1VSE1_COLHI	-1.5276	0.4518	0.152	0.9236	1.6797	0.2388	False	False	False
gene_4889	K01487	tr|H1W235|H1W235_COLHI	-0.4591	0.4554	-1.9117	0.0021	-1.4526	0.0065	False	True	True
gene_8485	K15115	tr|A0A1B7YJ92|A0A1B7YJ92_COLHI							False	False	False
gene_10636	K00728	tr|H1VSG4|H1VSG4_COLHI	-0.2282	0.771	1.3025	0.0191	1.5307	0.0081	False	True	True
gene_12503	K02858	tr|A0A1B7YB82|A0A1B7YB82_COLHI	-0.8211	0.3254	-1.2569	0.0444	-0.4358	0.474	False	True	False
gene_12528	K14394	tr|H1VBM8|H1VBM8_COLHI	-0.3969	0.6116	0.7579	0.1632	1.1548	0.0402	False	False	True
gene_10368		tr|H1UWT0|H1UWT0_COLHI	0.808	0.1005	1.82	0.0005	1.012	0.0105	False	True	True
gene_10850	K00999	tr|H1V592|H1V592_COLHI	0.4698	0.4831	0.2568	0.6009	-0.213	0.667	False	False	False
gene_10956	K00384	tr|H1V9U0|H1V9U0_COLHI	0.3352	0.5602	-0.7783	0.058	-1.1135	0.0115	False	False	True
gene_12797	K22884	tr|A0A1B7XU63|A0A1B7XU63_COLHI	1.3685	0.3565	2.1195	0.0563	0.7511	0.4608	False	False	False
gene_8151	K05956	tr|H1V6S2|H1V6S2_COLHI	0.7703	0.5948	-0.0145	0.9882	-0.7848	0.4608	False	False	False
gene_9483	K01950	tr|A0A1B7YUP0|A0A1B7YUP0_COLHI	0.9599	0.2099	0.2344	0.6955	-0.7255	0.1945	False	False	False
gene_6161	K01922	tr|A0A1B7YA63|A0A1B7YA63_COLHI	-0.269	0.4613	-0.3001	0.2488	-0.0311	0.9157	False	False	False
gene_11066	K14654	tr|H1VGT7|H1VGT7_COLHI							False	False	False
gene_12385	K03781	tr|A0A1B7YNX5|A0A1B7YNX5_COLHI	-0.0245	0.9833	2.2734	0.0077	2.2979	0.0066	False	True	True
gene_9021	K10258	tr|H1V9I8|H1V9I8_COLHI	0.565	0.239	0.9733	0.0128	0.4083	0.2432	False	False	False
gene_4406	K15100	tr|H1V1B2|H1V1B2_COLHI	0.5414	0.577	1.6899	0.0196	1.1486	0.0909	False	True	False
gene_10717	K01611	tr|H1V5H2|H1V5H2_COLHI	1.23	0.4225	4.0953	0.0028	2.8652	0.0153	False	True	True
gene_8193		tr|H1VC89|H1VC89_COLHI	0.5939	0.4279	0.4173	0.5069	-0.1766	0.7903	False	False	False
gene_5161		tr|H1VMF4|H1VMF4_COLHI	-0.5708	0.8255	0.4152	0.8262	0.986	0.5673	False	False	False
gene_11490	K01199	tr|A0A1B7YKN2|A0A1B7YKN2_COLHI	-1.1128	0.0399	-0.8241	0.03	0.2887	0.4249	True	False	False
gene_12891	K05863	tr|H1UY15|H1UY15_COLHI	0.432	0.3339	0.4487	0.1651	0.0167	0.9633	False	False	False
gene_10389	K00943	tr|A0A1B7YHI2|A0A1B7YHI2_COLHI	-0.1193	0.8755	-0.5675	0.2298	-0.4482	0.3384	False	False	False
gene_7208	K04708	tr|A0A1B7YNB1|A0A1B7YNB1_COLHI	0.0385	0.9664	0.7135	0.1824	0.675	0.2011	False	False	False
gene_7207	K00844	tr|A0A1B7XRV3|A0A1B7XRV3_COLHI							False	False	False
gene_2079	K19829	tr|H1VZL7|H1VZL7_COLHI					0.7603	0.3362	False	False	False
gene_9890	K00274	tr|A0A1B7Y841|A0A1B7Y841_COLHI							False	False	False
gene_13019	K08139	tr|H1UZM7|H1UZM7_COLHI	1.0506	0.4197	1.9986	0.0494	0.948	0.3306	False	True	False
gene_12158	K03676	tr|A0A1B7XWX7|A0A1B7XWX7_COLHI	-0.0687	0.9508	-0.9913	0.1449	-0.9227	0.1688	False	False	False
gene_10181	K00287	tr|A0A1B7YPK7|A0A1B7YPK7_COLHI					1.6636	0.2265	False	False	False
gene_7857	K19386	tr|H1VX95|H1VX95_COLHI							False	False	False
gene_902	K04518	tr|A0A1B7YNE7|A0A1B7YNE7_COLHI	0.7349	0.4708	-3.6589	0.0004	-4.3938	0.0002	False	True	True
gene_5298	K00418	tr|A0A1B7Y5C4|A0A1B7Y5C4_COLHI	-0.5594	0.5545	0.669	0.3874	1.2284	0.1102	False	False	False
gene_11658	K01266	tr|H1V8F5|H1V8F5_COLHI	-0.7943	0.3922					False	False	False
gene_2500	K01719	tr|H1V3Z5|H1V3Z5_COLHI	0.5495	0.526	-0.7034	0.321	-1.2529	0.0813	False	False	False
gene_8263	K01536	tr|A0A1B7YH47|A0A1B7YH47_COLHI	0.9966	0.2628	0.172	0.8139	-0.8245	0.2025	False	False	False
gene_2487	K00505	tr|A0A1B7Y8K3|A0A1B7Y8K3_COLHI							False	False	False
gene_5035	K13711	tr|A0A1B7YK20|A0A1B7YK20_COLHI	0.4694	0.4005	0.4366	0.3078	-0.0328	0.9492	False	False	False
gene_9415		tr|A0A1B7YFI2|A0A1B7YFI2_COLHI	-1.326	0.4711	3.527	0.0138	4.8529	0.0023	False	True	True
gene_5255	K03177	tr|A0A1B7YIG4|A0A1B7YIG4_COLHI	0.7094	0.1397	-0.8898	0.02	-1.5992	0.0008	False	False	True
gene_2374	K00864	tr|A0A1B7YBF8|A0A1B7YBF8_COLHI							False	False	False
gene_2178	K07756	tr|H1V5U1|H1V5U1_COLHI	-0.4004	0.5399	-0.6307	0.1934	-0.2303	0.6458	False	False	False
gene_4061	K05917	tr|H1UXD9|H1UXD9_COLHI	0.6459	0.4818	-0.1007	0.8932	-0.7466	0.245	False	False	False
gene_3400		tr|H1VXV1|H1VXV1_COLHI							False	False	False
gene_7466	K00637	tr|A0A1B7XW30|A0A1B7XW30_COLHI							False	False	False
gene_2704	K13941	tr|A0A1B7YAD9|A0A1B7YAD9_COLHI	0.3535	0.8542	1.8893	0.1376	1.5358	0.1639	False	False	False
gene_1218	K02304	tr|A0A1B7YLN9|A0A1B7YLN9_COLHI	0.1419	0.8316	-0.6971	0.1632	-0.8389	0.0965	False	False	False
gene_7936	K00222	tr|H1VRT5|H1VRT5_COLHI					2.0393	0.0155	False	False	True
gene_9074	K00451	tr|A0A1B7YFN1|A0A1B7YFN1_COLHI	0.0543	0.9318	-0.9475	0.0133	-1.0018	0.0096	False	False	True
gene_7618	K15117	tr|A0A1B7YPK5|A0A1B7YPK5_COLHI	-0.5755	0.5553	0.6872	0.3481	1.2627	0.086	False	False	False
gene_5224		tr|H1VSX7|H1VSX7_COLHI							False	False	False
gene_3440	K07019	tr|A0A1B7YJD4|A0A1B7YJD4_COLHI							False	False	False
gene_10855		tr|A0A1B7XVE6|A0A1B7XVE6_COLHI	0.8412	0.445	0.2448	0.7825	-0.5964	0.4062	False	False	False
gene_4814	K09827	tr|A0A1B7YBE9|A0A1B7YBE9_COLHI							False	False	False
gene_8915	K00889	tr|H1W2T7|H1W2T7_COLHI					1.4411	0.1617	False	False	False
gene_6102	K00793	tr|H1UYZ9|H1UYZ9_COLHI	0.8421	0.0359	-0.4302	0.1048	-1.2723	0.0005	False	False	True
gene_4313		tr|A0A1B7XT94|A0A1B7XT94_COLHI							False	False	False
gene_8795	K01530	tr|A0A1B7YA02|A0A1B7YA02_COLHI	2.4088	0.1063	0.569	0.6163	-1.8398	0.095	False	False	False
gene_8201	K02933	tr|A0A1B7XSZ5|A0A1B7XSZ5_COLHI	-0.6472	0.7502	-1.196	0.3551	-0.5488	0.6816	False	False	False
gene_900		tr|A0A1B7XVR6|A0A1B7XVR6_COLHI	0.4612	0.5602	1.2415	0.0319	0.7803	0.1548	False	True	False
gene_8185	K01852	tr|H1UWK5|H1UWK5_COLHI							False	False	False
gene_10666	K00107	tr|A0A1B7Y8U3|A0A1B7Y8U3_COLHI							False	False	False
gene_744	K00505	tr|A0A1B7YUH4|A0A1B7YUH4_COLHI	0.081	0.9304					False	False	False
gene_6374		tr|H1VS16|H1VS16_COLHI	1.5058	0.0412	-0.2859	0.5761	-1.7917	0.0027	True	False	True
gene_7732	K05994	tr|A0A1B7YHZ1|A0A1B7YHZ1_COLHI	0.4718	0.7403	-0.9804	0.3366	-1.4522	0.1485	False	False	False
gene_11038	K18587	tr|H1VBS9|H1VBS9_COLHI							False	False	False
gene_4816	K01240	tr|A0A1B7YU10|A0A1B7YU10_COLHI							False	False	False
gene_4007	K00641	tr|A0A1B7YAZ3|A0A1B7YAZ3_COLHI							False	False	False
gene_3780		tr|A0A1B7YG62|A0A1B7YG62_COLHI	0.3784	0.6912					False	False	False
gene_2152		tr|A0A1B7YB11|A0A1B7YB11_COLHI	0.9819	0.5624					False	False	False
gene_7872	K12815	tr|H1VGN8|H1VGN8_COLHI							False	False	False
gene_1290		tr|A0A1B7YG69|A0A1B7YG69_COLHI	0.2001	0.7623	0.6337	0.1721	0.4336	0.3473	False	False	False
gene_3899	K02134	tr|A0A1B7YQS2|A0A1B7YQS2_COLHI	-0.373	0.6233	0.1046	0.8639	0.4776	0.3651	False	False	False
gene_10612		tr|H1VRI6|H1VRI6_COLHI	-0.1654	0.7317	-0.3386	0.294	-0.1733	0.5993	False	False	False
gene_7948	K23451	tr|A0A1B7Y402|A0A1B7Y402_COLHI					0.2604	0.7396	False	False	False
gene_3762	K01613	tr|A0A1B7XVT0|A0A1B7XVT0_COLHI	-0.0174	0.977	1.1219	0.0064	1.1393	0.0051	False	True	True
gene_5109		tr|A0A1B7YTS3|A0A1B7YTS3_COLHI							False	False	False
gene_12309	K15083	tr|A0A1B7YIT8|A0A1B7YIT8_COLHI	1.1929	0.0842					False	False	False
gene_12589	K22071	tr|H1V511|H1V511_COLHI							False	False	False
gene_6844		tr|H1VJS4|H1VJS4_COLHI					1.7207	0.0442	False	False	True
gene_9402	K00914	tr|A0A1B7Y9R6|A0A1B7Y9R6_COLHI							False	False	False
gene_5397	K09831	tr|H1V753|H1V753_COLHI							False	False	False
gene_5059	K00390	tr|H1V8L7|H1V8L7_COLHI	0.1521	0.782					False	False	False
gene_4879	K00993	tr|A0A1B7YDW9|A0A1B7YDW9_COLHI	-1.1572	0.5162	2.0874	0.0981	3.2445	0.0165	False	False	True
gene_10235		tr|A0A1B7Y648|A0A1B7Y648_COLHI	-0.592	0.6727					False	False	False
gene_8794		tr|A0A1B7YE98|A0A1B7YE98_COLHI							False	False	False
gene_12967		tr|H1VZH4|H1VZH4_COLHI							False	False	False
gene_1362		tr|H1V622|H1V622_COLHI	1.847	0.059					False	False	False
gene_11716	K14686	tr|A0A1B7YU62|A0A1B7YU62_COLHI							False	False	False
gene_11942	K23107	tr|H1VFJ0|H1VFJ0_COLHI	-1.0218	0.3997	1.3861	0.0946	2.4079	0.0123	False	False	True
gene_11965		tr|A0A1B7YQC8|A0A1B7YQC8_COLHI			0.9633	0.436			False	False	False
gene_11353	K16185	tr|H1V7H2|H1V7H2_COLHI	1.0917	0.4371					False	False	False
gene_8241	K01556	tr|H1UZE2|H1UZE2_COLHI	-0.4892	0.6348	2.0512	0.0102	2.5404	0.0029	False	True	True
gene_10986	K01941	tr|H1V5P7|H1V5P7_COLHI							False	False	False
gene_2396	K20290	tr|A0A1B7YVV5|A0A1B7YVV5_COLHI							False	False	False
gene_2337	K15394	tr|A0A1B7YSN0|A0A1B7YSN0_COLHI	-1.0538	0.4818					False	False	False
gene_8867	K00902	tr|H1V718|H1V718_COLHI							False	False	False
gene_2161	K01889	tr|H1UXG8|H1UXG8_COLHI							False	False	False
gene_3227	K01487	tr|A0A1B7XSM6|A0A1B7XSM6_COLHI	-0.6042	0.3429					False	False	False
gene_953	K01495	tr|A0A1B7YGV9|A0A1B7YGV9_COLHI	-1.0113	0.3911	0.1851	0.858	1.1964	0.2056	False	False	False
gene_11727	K05355	tr|H1V9E9|H1V9E9_COLHI							False	False	False
gene_9020	K04709	tr|H1VDN9|H1VDN9_COLHI							False	False	False
gene_9702		tr|H1VHI5|H1VHI5_COLHI							False	False	False
gene_8329	K19572	tr|A0A1B7YBY1|A0A1B7YBY1_COLHI							False	False	False
gene_9719	K06134	tr|H1W2N5|H1W2N5_COLHI							False	False	False
gene_1679	K20815	tr|H1VCY6|H1VCY6_COLHI	-0.3602	0.4907	1.4044	0.0055	1.7646	0.0018	False	True	True
gene_542	K00698	tr|H1W4M1|H1W4M1_COLHI	0.9225	0.0343					False	False	False
gene_12844	K10246	tr|A0A1B7YIM0|A0A1B7YIM0_COLHI	2.2213	0.0326	0.8391	0.1987	-1.3822	0.0525	True	False	False
gene_6410	K10703	tr|H1VUA4|H1VUA4_COLHI	-0.0809	0.9005	0.9825	0.019	1.0634	0.0123	False	False	True
gene_443	K02155	tr|H1VVN4|H1VVN4_COLHI							False	False	False
gene_7585	K01641	tr|A0A1B7YFJ8|A0A1B7YFJ8_COLHI							False	False	False
gene_2427		tr|H1VDJ8|H1VDJ8_COLHI	-0.3873	0.8548					False	False	False
