metabolite_id	name	compartment	k_reactions	z_reporter	p_one_sided
cpd00007_e0	O2	e0	5	-6.407	0.0
cpd00011_c0	CO2	c0	40	-5.437	0.0
cpd11493_c0	ACP_c0	c0	10	-5.419	0.0
cpd00071_c0	Acetaldehyde	c0	8	-4.999	0.0
cpd03309_e0		e0	3	-4.963	0.0
cpd15240_c0	hexacosanoate_c0	c0	5	4.443	0.0
cpd00002_x0	ATP_x0	x0	17	4.411	0.0
cpd00001_e0	H2O	e0	11	-4.4	0.0
cpd03847_c0	Myristic acid_c0	c0	9	3.858	0.0001
cpd15237_c0	hexadecenoate_c0	c0	9	3.858	0.0001
cpd01080_c0	ocdca_c0	c0	8	3.738	0.0001
cpd00001_c0	H2O	c0	170	-3.676	0.0001
cpd00020_c0	Pyruvate	c0	12	-3.507	0.0002
cpd00954_m0	6-hydroxymethyl dihydropterin_m0	m0	3	3.483	0.0002
cpd01499_c0	2-Methylbutanal_c0	c0	3	-3.356	0.0004
cpd00143_c0	Phenylpyruvate_c0	c0	3	-3.285	0.0005
cpd00123_c0	3-Methyl-2-oxobutanoate_c0	c0	3	-3.27	0.0005
cpd16874_c0	2-methylpropanal_c0	c0	3	-3.26	0.0006
cpd00007_c0	O2	c0	29	-3.249	0.0006
cpd00008_x0	ADP_x0	x0	8	3.15	0.0008
cpd00837_c0	S-Adenosylmethioninamine_c0	c0	3	3.116	0.0009
cpd00018_m0	AMP	m0	10	3.031	0.0012
cpd00070_c0	Malonyl-CoA_c0	c0	11	-2.991	0.0014
cpd00009_x0	Phosphate_x0	x0	7	2.975	0.0015
cpd00486_c0	Indoleacetaldehyde	c0	3	-2.947	0.0016
cpd00018_x0	AMP_x0	x0	10	2.918	0.0018
cpd00012_x0	PPi_x0	x0	8	2.912	0.0018
cpd00214_c0	Palmitate_c0	c0	9	2.899	0.0019
cpd15269_c0	octadecenoate_c0	c0	9	2.899	0.0019
cpd00137_m0	Citrate	m0	5	2.896	0.0019
cpd00137_c0	Citrate	c0	5	2.896	0.0019
cpd00006_r0	NADP_r0	r0	9	2.831	0.0023
cpd00005_r0	NADPH_r0	r0	9	2.831	0.0023
cpd00067_r0	H+_r0	r0	19	2.826	0.0024
cpd00018_c0	AMP	c0	48	2.815	0.0024
cpd00067_e0	H+	e0	10	2.601	0.0046
cpd00042_c0	GSH	c0	8	-2.458	0.007
cpd00332_c0	Mevalonic acid_c0	c0	4	2.397	0.0083
cpd00219_c0	Prephenate_c0	c0	3	-2.382	0.0086
cpd00002_c0	ATP	c0	134	2.362	0.0091
cpd00001_r0	H2O_r0	r0	6	2.155	0.0156
cpd00026_c0	UDP-glucose	c0	9	-2.094	0.0181
cpd00067_x0	H+_x0	x0	33	2.092	0.0182
cpd00070_r0	Malonyl-CoA_r0	r0	4	2.006	0.0224
cpd00011_r0	CO2_r0	r0	4	2.006	0.0224
cpd00027_c0	D-Glucose	c0	8	2.004	0.0225
cpd00041_c0	L-Aspartate	c0	12	1.994	0.0231
cpd11624_c0	Lecithin_c0	c0	4	1.981	0.0238
cpd15272_c0	Octadecynoyl-CoA_c0	c0	8	1.959	0.0251
cpd00464_c0	alpha-Tolualdehyde_c0	c0	3	-1.955	0.0253
cpd00046_c0	CMP_c0	c0	8	1.955	0.0253
cpd00146_c0	Carbamoylphosphate_c0	c0	3	1.948	0.0257
cpd00858_c0	L-Glutamate5-semialdehyde_c0	c0	3	-1.947	0.0257
cpd19016_c0	Ornithine_c0	c0	3	-1.928	0.0269
cpd00260_m0	Isocitrate	m0	4	1.887	0.0296
cpd00132_c0	L-Asparagine_c0	c0	4	1.85	0.0322
cpd00012_m0	PPi	m0	16	1.765	0.0388
cpd00812_c0	5-phosphomevalonate_c0	c0	5	1.75	0.0401
cpd00009_c0	Phosphate	c0	68	1.712	0.0435
cpd00260_c0	Isocitrate	c0	4	1.691	0.0454
cpd15192_c0	1,2-Diacylglycerol, yeast-specific_c0	c0	6	1.626	0.052
cpd00006_c0	NADP	c0	59	-1.572	0.058
cpd00005_c0	NADPH	c0	59	-1.572	0.058
cpd00002_m0	ATP	m0	25	1.499	0.067
cpd00031_c0	GDP	c0	11	1.471	0.0707
cpd00285_c0	Phosphoethanolamine_c0	c0	4	-1.459	0.0723
cpd00065_c0	L-Tryptophan_c0	c0	4	-1.45	0.0735
cpd00001_x0	H2O_x0	x0	33	1.439	0.0751
cpd00050_c0	FMN_c0	c0	4	1.429	0.0765
cpd29705_x0	tetracosanoyl-CoA  (n-C24:0CoA)_x0	x0	4	-1.416	0.0784
cpd00793_c0	Thiamine phosphate_c0	c0	3	-1.372	0.085
cpd11295_c0	2,3-diketo5-methylthio-1-phosphopentane_c0	c0	3	-1.372	0.0851
cpd00067_c0	H+	c0	297	-1.361	0.0867
cpd00012_c0	PPi	c0	72	1.338	0.0905
cpd15295_x0	Tetradecenoyl-CoA_x0	x0	4	1.333	0.0913
cpd15238_x0	Hexadecenoyl-CoA_x0	x0	4	1.333	0.0913
cpd01188_c0	Lanosterol_c0	c0	3	1.332	0.0914
cpd00198_c0	D-Xylulose5-phosphate	c0	4	-1.331	0.0916
cpd11421_c0	trdrd	c0	11	-1.321	0.0932
cpd11420_c0	trdox	c0	11	-1.321	0.0932
cpd02097_c0	L-Glutamyl 5-phosphate_c0	c0	3	-1.318	0.0937
cpd00047_c0	Formate_c0	c0	12	-1.286	0.0992
cpd00868_c0	p-hydroxyphenylpyruvate_c0	c0	3	-1.273	0.1016
cpd00113_c0	Isopentenyldiphosphate_c0	c0	5	-1.258	0.1042
cpd00053_c0	L-Glutamine	c0	15	1.245	0.1066
cpd00347_m0	5-10-Methenyltetrahydrofolate_m0	m0	4	-1.227	0.1099
cpd00089_c0	Glucose-1-phosphate	c0	4	-1.222	0.1108
cpd00022_c0	Acetyl-CoA	c0	12	-1.211	0.1129
cpd00038_c0	GTP	c0	13	1.202	0.1147
cpd00054_c0	L-Serine_c0	c0	9	1.199	0.1152
cpd00242_c0	H2CO3	c0	4	-1.192	0.1166
cpd00096_c0	CDP_c0	c0	4	1.189	0.1173
cpd15207_x0	3-Oxohexacosyl-CoA_x0	x0	3	-1.188	0.1174
cpd02894_c0	4-Amino-2-methyl-5-diphosphomethylpyrimidine_c0	c0	3	-1.188	0.1174
cpd00081_c0	Sulfite_c0	c0	3	-1.176	0.1198
cpd01695_x0	Myristoyl-CoA_x0	x0	5	1.17	0.1209
cpd00006_x0	NADP_x0	x0	7	1.161	0.1229
cpd00005_x0	NADPH_x0	x0	7	1.161	0.1229
cpd00032_c0	Oxaloacetate	c0	4	-1.157	0.1237
cpd00738_c0	phosphoserine_c0	c0	3	1.155	0.124
cpd11255_c0		c0	3	-1.146	0.126
cpd00008_c0	ADP	c0	92	1.145	0.1261
cpd00705_c0	L-2-Aminoadipate_c0	c0	4	1.139	0.1273
cpd00036_c0	Succinate	c0	7	1.131	0.129
cpd15274_c0	Octadecenoyl-CoA_c0	c0	9	1.117	0.1319
cpd15238_c0	Hexadecenoyl-CoA_c0	c0	9	1.117	0.1319
cpd00982_m0	FADH2	m0	4	1.107	0.1342
cpd00015_m0	FAD	m0	5	1.095	0.1367
cpd00079_c0	D-glucose-6-phosphate	c0	7	-1.091	0.1377
cpd00215_c0	Pyridoxal_c0	c0	4	1.089	0.138
cpd00003_c0	NAD	c0	41	-1.087	0.1386
cpd00087_c0	Tetrahydrofolate_c0	c0	6	1.081	0.1398
cpd00029_c0	Acetate	c0	8	-1.064	0.1437
cpd00869_c0	4-methylthio 2-oxobutyrate_c0	c0	3	-1.064	0.1438
cpd00424_c0	Cystathionine_c0	c0	4	1.059	0.1447
cpd00171_c0	D-Ribulose5-phosphate	c0	5	-1.054	0.1459
cpd15291_m0	Ubiquinol-6	m0	8	1.046	0.1477
cpd15290_m0	Ubiquinone-6	m0	8	1.046	0.1477
cpd00201_m0	10-Formyltetrahydrofolate_m0	m0	3	-1.043	0.1484
cpd00227_c0	L-Homoserine_c0	c0	3	1.029	0.1517
cpd00041_m0	L-Aspartate	m0	3	1.022	0.1535
ptd1ino-SC-c_c0	Phosphatidyl 1D myo inositol  yeast specific C4140H7644O1300P100	c0	3	1.02	0.1538
cpd00147_c0	5-Methylthioadenosine_c0	c0	4	1.013	0.1556
L2aadp6sa-c_c0	L 2 Aminoadipate 6 semialdehyde C6H11NO3	c0	3	1.004	0.1577
cpd00668_m0	ALCTT_m0	m0	3	0.991	0.1607
cpd00288_c0	D-Glucosamine phosphate_c0	c0	3	-0.985	0.1623
cpd00003_m0	NAD	m0	25	-0.979	0.1637
cpd00873_c0	Nicotinate ribonucleotide_c0	c0	3	-0.978	0.164
cpd00873_m0	Nicotinate ribonucleotide_m0	m0	3	-0.978	0.164
cpd00023_c0	L-Glutamate	c0	44	0.968	0.1664
cpd00182_c0	Adenosine	c0	3	-0.964	0.1675
cpd00863_c0	beta-D-Glucose 6-phosphate	c0	3	-0.958	0.1691
cpd00281_c0	GABA	c0	3	-0.947	0.1719
cpd00290_c0	D-fructose-1,6-bisphosphate	c0	3	-0.937	0.1744
cpd01695_c0	Myristoyl-CoA_c0	c0	11	0.911	0.181
cpd00497_c0	XMP_c0	c0	3	0.901	0.1838
cpd00051_c0	L-Arginine_c0	c0	3	-0.869	0.1924
cpd00419_c0	PM_c0	c0	3	0.861	0.1947
cpd00032_m0	Oxaloacetate	m0	4	0.854	0.1966
cpd00126_c0	GMP_c0	c0	4	0.85	0.1977
cpd00094_m0	2-Oxobutyrate_m0	m0	4	0.844	0.1993
cpd00022_x0	Acetyl-CoA_x0	x0	25	-0.842	0.1999
cpd00036_m0	Succinate	m0	5	0.837	0.2013
cpd00019_c0	S-Adenosyl-homocysteine_c0	c0	10	-0.806	0.2102
cpd00004_c0	NADH	c0	38	-0.803	0.2109
cpd00033_c0	Glycine_c0	c0	9	-0.791	0.2146
cpd00024_c0	2-Oxoglutarate	c0	23	-0.787	0.2157
cpd00067_m0	H+	m0	82	0.787	0.2156
cpd00004_m0	NADH	m0	24	-0.785	0.2163
cpd00114_c0	IMP_c0	c0	6	0.78	0.2178
cpd00102_c0	Glyceraldehyde3-phosphate	c0	8	-0.774	0.2195
cpd00100_c0	Glycerol_c0	c0	6	0.765	0.222
cpd00007_m0	O2	m0	7	0.753	0.2257
cpd00134_x0	Palmitoyl-CoA_x0	x0	6	0.746	0.2277
cpd00010_r0	CoA_r0	r0	8	0.739	0.2301
cpd00072_c0	D-fructose-6-phosphate	c0	10	-0.735	0.2312
cpd00201_c0	10-Formyltetrahydrofolate_c0	c0	4	-0.727	0.2335
cpd29685_m0	cdpdag_BS_m0	m0	3	0.727	0.2335
cpd00264_c0	Spermidine_c0	c0	4	0.727	0.2336
cpd00043_c0	UDP-galactose	c0	3	-0.726	0.234
cpd00155_c0	Glycogen	c0	4	-0.72	0.2356
cpd00169_c0	3-Phosphoglycerate	c0	3	-0.718	0.2364
cpd00007_x0	O2_x0	x0	19	0.718	0.2362
cpd01260_x0	Lauroyl-CoA_x0	x0	4	0.715	0.2373
cpd03128_x0	Decanoyl-CoA_x0	x0	4	0.715	0.2373
cpd00236_c0	D-Erythrose4-phosphate	c0	4	-0.694	0.244
cpd00022_m0	Acetyl-CoA	m0	11	-0.69	0.2451
cpd00533_c0	dCDP_c0	c0	3	0.681	0.248
cpd00017_c0	S-Adenosyl-L-methionine_c0	c0	11	0.676	0.2495
cpd00025_c0	H2O2	c0	9	0.665	0.2531
cpd00239_c0	H2S_c0	c0	5	-0.659	0.2548
cpd00010_m0	CoA	m0	17	0.657	0.2557
cpd00623_c0	Sphinganine_c0	c0	3	-0.653	0.2569
cpd00982_x0	FADH2_x0	x0	5	0.642	0.2605
cpd00015_x0	FAD_x0	x0	5	0.642	0.2605
cpd00213_m0	Lipoamide	m0	3	0.64	0.261
cpd00121_c0	L-Inositol_c0	c0	3	0.632	0.2638
cpd02625_m0	3-Hydroxy-L-1-pyrroline-5-carboxylate_m0	m0	3	-0.629	0.2645
cpd15276_c0	Phosphatidate, yeast-specific_c0	c0	5	0.624	0.2662
cpd00087_m0	Tetrahydrofolate_m0	m0	6	-0.623	0.2665
cpd00042_m0	GSH_m0	m0	3	-0.619	0.2681
cpd00327_x0	strcoa_x0	x0	5	0.617	0.2685
cpd00091_c0	UMP_c0	c0	6	0.613	0.2699
cpd00060_c0	L-Methionine_c0	c0	6	-0.607	0.272
cpd15272_x0	Octadecynoyl-CoA_x0	x0	4	0.604	0.273
cpd15274_x0	Octadecenoyl-CoA_x0	x0	3	0.602	0.2737
cpd00024_x0	2-Oxoglutarate_x0	x0	4	0.597	0.2752
cpd00013_c0	NH3	c0	25	-0.588	0.2784
cpd29705_r0	tetracosanoyl-CoA  (n-C24:0CoA)_r0	r0	4	0.587	0.2787
cpd00125_m0	5-10-Methylenetetrahydrofolate_m0	m0	5	-0.585	0.2792
cpd00004_x0	NADH_x0	x0	18	0.584	0.2796
cpd00011_m0	CO2	m0	28	0.575	0.2825
cpd00350_c0	Farnesyldiphosphate_c0	c0	3	-0.562	0.287
cpd00003_x0	NAD_x0	x0	19	0.558	0.2885
cpd02060_x0	(2E)-Dodecenoyl-CoA_x0	x0	3	0.537	0.2956
cpd03127_x0	(2E)-Tetradecenoyl-CoA_x0	x0	3	0.537	0.2956
cpd14937_x0	(2E)-Octadecenoyl-CoA_x0	x0	3	0.537	0.2956
cpd03126_x0	(2E)-Hexadecenoyl-CoA_x0	x0	3	0.537	0.2956
cpd03129_x0	(2E)-Decenoyl-CoA_x0	x0	3	0.537	0.2956
cpd00347_c0	5-10-Methenyltetrahydrofolate_c0	c0	4	-0.529	0.2983
cpd00016_c0	Pyridoxal phosphate_c0	c0	4	0.524	0.3001
cpd00299_c0	dUMP_c0	c0	3	0.524	0.3
cpd29685_c0	cdpdag_BS_c0	c0	3	0.518	0.3021
cpd00508_m0	3MOP_m0	m0	3	0.513	0.304
cpd00428_c0	2-Oxopropanal	c0	3	-0.504	0.3073
cpd00106_m0	Fumarate	m0	4	0.499	0.3088
cpd01335_x0	Octanoyl-CoA_x0	x0	3	0.465	0.3209
cpd00052_c0	CTP_c0	c0	8	0.46	0.3227
cpd00094_c0	2-Oxobutyrate	c0	4	0.452	0.3256
cpd00025_x0	H2O2_x0	x0	20	0.451	0.3261
cpd00001_m0	H2O	m0	42	0.448	0.3271
cpd02611_c0	N-Acetyl-D-glucosamine1-phosphate_c0	c0	3	-0.448	0.3269
cpd00130_m0	L-Malate	m0	5	-0.439	0.3304
cpd00061_c0	Phosphoenolpyruvate	c0	6	-0.429	0.3341
cpd00095_c0	Glycerone-phosphate	c0	8	-0.425	0.3356
cpd00348_c0	D-Galactose 1-phosphate	c0	3	-0.403	0.3436
cpd00024_m0	2-Oxoglutarate	m0	11	0.397	0.3456
cpd00978_c0	dUDP_c0	c0	3	0.393	0.3472
cpd01741_c0	ddca_c0	c0	3	0.393	0.3471
cpd00010_x0	CoA_x0	x0	34	0.391	0.3479
cpd00013_m0	NH3_m0	m0	4	-0.391	0.3478
cpd01260_c0	Lauroyl-CoA_c0	c0	8	0.385	0.3501
cpd03128_c0	Decanoyl-CoA_c0	c0	8	0.385	0.3501
cpd00009_m0	Phosphate	m0	11	0.383	0.3508
cpd00295_c0	dGDP_c0	c0	3	0.37	0.3558
cpd00351_c0	Saccharopine_c0	c0	3	0.369	0.356
ocdcya-c_c0	Octadecadienoate  n C182  C18H31O2	c0	3	0.361	0.3589
cpd19042_m0	L-erythro-4-Hydroxyglutamate_m0	m0	3	-0.361	0.3589
cpd00134_c0	Palmitoyl-CoA_c0	c0	12	-0.354	0.3618
cpd00106_c0	Fumarate	c0	8	0.343	0.3659
cpd00040_x0	Glyoxalate	x0	3	-0.342	0.3663
cpd00020_m0	Pyruvate	m0	9	-0.337	0.3682
cpd00177_c0	dADP_c0	c0	4	0.328	0.3714
cpd00084_c0	L-Cysteine_c0	c0	9	0.321	0.3742
cpd00477_m0	N-Acetyl-L-glutamate	m0	3	-0.311	0.378
cpd00193_c0	APS_c0	c0	3	0.31	0.3784
cpd00282_c0	S-Dihydroorotate_c0	c0	4	0.308	0.379
cpd03221_c0	Zymosterol_c0	c0	3	0.298	0.3827
cpd00119_c0	L-Histidine_c0	c0	3	-0.297	0.3832
cpd00062_c0	UTP	c0	9	0.291	0.3853
cpd00135_c0	Homocysteine_c0	c0	5	-0.271	0.3932
cpd00103_c0	PRPP_c0	c0	12	0.27	0.3936
cpd00080_c0	Glycerol-3-phosphate	c0	6	0.269	0.394
cpd11493_m0	ACP_m0	m0	12	-0.263	0.3964
cpd00033_m0	Glycine_m0	m0	4	-0.257	0.3985
cpd00161_c0	L-Threonine_c0	c0	4	-0.249	0.4015
cpd00298_c0	dTMP_c0	c0	3	0.236	0.4066
cpd00125_c0	5-10-Methylenetetrahydrofolate_c0	c0	5	0.231	0.4086
cpd00346_c0	L-Aspartate4-semialdehyde_c0	c0	3	0.217	0.4141
cpd00009_e0	Phosphate	e0	3	-0.202	0.42
cpd11683_c0	Chitin_c0	c0	3	-0.192	0.4237
cpd00220_c0	Riboflavin_c0	c0	3	0.181	0.4283
cpd00025_m0	H2O2_m0	m0	3	0.174	0.4309
cpd00035_c0	L-Alanine	c0	9	0.169	0.433
cpd02851_c0	AICAR_c0	c0	4	0.168	0.4332
cpd00010_c0	CoA	c0	36	-0.166	0.4342
cpd00070_m0	Malonyl-CoA_m0	m0	3	0.155	0.4385
cpd00110_m0	Cytochrome c2+	m0	6	0.154	0.4389
cpd00109_m0	Cytochrome c3+	m0	6	0.154	0.4389
cpd15298_c0	tetradecenoate_c0	c0	3	0.144	0.4429
cpd00006_m0	NADP	m0	26	0.132	0.4474
cpd00005_m0	NADPH	m0	26	0.132	0.4474
cpd00029_m0	Acetate	m0	3	-0.129	0.4488
cpd03223_c0	5,7,22,24(28)-Ergostatetraenol_c0	c0	3	-0.128	0.4492
cpd19028_c0	alpha-D-Ribose 5-phosphate	c0	7	-0.128	0.4492
cpd00023_x0	L-Glutamate_x0	x0	3	0.127	0.4494
cpd00367_c0	Cytidine_c0	c0	3	-0.127	0.4495
cpd11468_m0	Dodecanoyl-ACP_m0	m0	3	-0.124	0.4508
cpd00098_c0	Choline_c0	c0	3	-0.121	0.4518
cpd27551_m0	Myristoyl-ACPs_m0	m0	3	0.119	0.4525
cpd02693_c0	3-Isopropylmalate_c0	c0	4	-0.114	0.4545
cpd01646_c0	2-Isopropylmalate_c0	c0	3	-0.111	0.4559
cpd15241_r0	Hexacosanoyl-CoA_r0	r0	3	0.098	0.4608
cpd00790_c0	O-Acetyl-L-homoserine_c0	c0	3	0.091	0.4636
cpd11492_m0	Malonyl-acyl-carrierprotein-_m0	m0	11	-0.08	0.4681
cpd00023_m0	L-Glutamate	m0	12	-0.076	0.4695
cpd15277_m0	Palmitoyl-ACP_m0	m0	4	-0.073	0.471
cpd00128_c0	Adenine_c0	c0	3	0.072	0.4715
cpd00249_c0	Uridine_c0	c0	4	0.071	0.4719
cpd02755_c0	Fecosterol_c0	c0	3	0.065	0.4742
cpd03287_m0	Oxaloglutarate_m0	m0	3	-0.064	0.4745
cpd00130_c0	L-Malate	c0	4	0.06	0.4762
cpd02656_c0	6-7-Dimethyl-8--1-D-ribityllumazine_c0	c0	3	-0.058	0.4768
cpd00247_c0	Orotate_c0	c0	4	-0.056	0.4775
cpd00032_x0	Oxaloacetate	x0	3	-0.054	0.4785
cpd00093_c0	Anthranilate_c0	c0	3	-0.035	0.4861
cpd00216_c0	Chorismate_c0	c0	4	-0.035	0.4859
cpd00115_c0	dATP_c0	c0	3	-0.029	0.4883
cpd00014_c0	UDP	c0	12	0.028	0.489
cpd02893_c0	5'-Phosphoribosyl-4-carboxy-5-aminoimidazole_c0	c0	3	0.026	0.4897
cpd00008_m0	ADP	m0	13	-0.025	0.4902
cpd00238_c0	Sedoheptulose7-phosphate	c0	3	-0.024	0.4906
cpd00092_c0	Uracil_c0	c0	3	-0.017	0.4933
cpd00327_c0	strcoa_c0	c0	11	-0.011	0.4956
