rxn_id	name	subsystem	equation	flux_pFBA	top_candidates	top_candidate_expr
rxn05467_c0	CO2 transporter via diffusion_c0		CO2 <=> CO2	-18.558218652522683	(no candidates in same subsystem)	
EX_cpd00011_e0	Exchange for CO2		CO2 --> 	18.558218652522683	(no candidates in same subsystem)	
EX_cpd00363_e0	Exchange for Ethanol		Ethanol --> 	14.572488817652864	(no candidates in same subsystem)	
rxn08428_c0	ethanol transport via diffusion (extracellular to periplasm)_c0		Ethanol <=> Ethanol	14.572488817652864	(no candidates in same subsystem)	
rxn05511_c0	Butanediol transport in/out via proton symport		H+ + BDOH <-- H+ + BDOH	-4.57380792216709	(no candidates in same subsystem)	
rxn11322_c0	(R,R)-butanediol transport_c0		BDOH <=> BDOH	-4.57380792216709	(no candidates in same subsystem)	
EX_cpd00076_e0	Exchange for Sucrose		Sucrose --> 	-2.0	(no candidates in same subsystem)	
rxn09681_c0	D-fructose transport in via proton symport_c0		H+ + D-Fructose --> H+ + D-Fructose	2.0	(no candidates in same subsystem)	
EX_cpd00179_e0	Exchange for Maltose_e0		Maltose_e0 --> 	-2.0	(no candidates in same subsystem)	
EX_cpd00067_e0	Exchange for H+		H+ <=> 	-1.5939959575743634	(no candidates in same subsystem)	
EX_cpd00001_e0	Exchange for H2O		H2O <=> 	-1.5880800319076729	(no candidates in same subsystem)	
rxn00604_r0	D-glucose-6-phosphate:NADP+ 1-oxidoreductase_r0		NADP_r0 + D-glucose-6-phosphate_r0 --> NADPH_r0 + H+_r0 + 6-phospho-D-glucono-1-5-lactone_r0	1.024683280479484	(no candidates in same subsystem)	
rxn09648_c0	6-phospho-D-glucono-1,5-lactone endoplasmic reticular transport via diffusion_g0		6-phospho-D-glucono-1-5-lactone <=> 6-phospho-D-glucono-1-5-lactone_r0	-1.024683280479484	(no candidates in same subsystem)	
rxn08570_c0	glucose 6-phosphate transport via diffusion (extracellular to periplasm)_g0		D-glucose-6-phosphate <=> D-glucose-6-phosphate_r0	1.0246832804794836	(no candidates in same subsystem)	
rxn21749_c0	L-galactonate dehydratase (LGD1)_c0	fungal Ashwell pathway	L-Galactonate_c0 --> H2O + 2-keto-3-deoxy-L-galactonate_c0	1.0	gene_11942	0.00
rxn07491_c0	D-galacturonate reductase (NADPH; GAR1, fungal)_c0	fungal Ashwell pathway	NADP + L-Galactonate_c0 <-- NADPH + H+ + cpd00280_c0	-1.0	gene_11942	0.00
EX_cpd00154_e0	Exchange for Xylose_e0		Xylose_e0 --> 	-1.0	(no candidates in same subsystem)	
rxn09385_c0	D-xylose transport via diffusion (extracellular to periplasm)_c0		Xylose_e0 <=> Xylose_c0	1.0	(no candidates in same subsystem)	
rxn21750_c0	2-keto-3-deoxy-L-galactonate aldolase (LGA1)_c0	fungal Ashwell pathway	2-keto-3-deoxy-L-galactonate_c0 --> Pyruvate + L-Glyceraldehyde_c0	1.0	gene_11942	0.00
EX_cpd00280_e0	Exchange for D-Galacturonate_e0		D-Galacturonate_e0 --> 	-1.0	(no candidates in same subsystem)	
EX_cpd00417_e0	Exchange for L-Lyxitol_e0		L-Lyxitol_e0 --> 	0.9691101714451026	(no candidates in same subsystem)	
rxn05483_c0	RXN0-1683.ce.maizeexp.L-ARABITOL_L-ARABITOL_c0		L-Lyxitol_e0 <=> L-Lyxitol_c0	-0.9691101714451026	(no candidates in same subsystem)	
rxn33066_c0	L-xylulose reductase_c0	L-arabinose assimilation (Penttilae)	NADP + Xylitol_c0 <=> NADPH + H+ + L-Lyxulose_c0	0.9691101714451024	gene_8784	3.81
rxn05582_c0	TRANS-RXNBWI-115637.ce.maizeexp.GLY_GLY_m0		Glycine_c0 + H+ <=> Glycine_m0 + H+	0.8329913484314598	(no candidates in same subsystem)	
EX_cpd00013_e0	Exchange for NH3_e0		NH3_e0 <=> 	0.8163858604774055	(no candidates in same subsystem)	
rxn09802_c0	3-(4-hydroxyphenyl)pyruvate mitochondrial transport via proton symport_m0		H+ + p-hydroxyphenylpyruvate_c0 <=> H+ + p-hydroxyphenylpyruvate_m0	0.59039235036041	(no candidates in same subsystem)	
rxn05301_c0	TRANS-RXNBWI-115637.ce.maizeexp.TYR_TYR_m0		H+ + L-Tyrosine_c0 <=> H+ + L-Tyrosine_m0	-0.5903746779227487	(no candidates in same subsystem)	
rxn09121_c0	phosphate transport cytosol/mito		Phosphate <=> Phosphate	-0.5783711716736398	(no candidates in same subsystem)	
TRP_coa_c0r0	CoA c0↔r0 transport (diffusion)		CoA <=> CoA_r0	-0.5122621142702661	(no candidates in same subsystem)	
rxn05307_c0	TRANS-RXNBWI-115637.ce.maizeexp.SER_SER_m0		L-Serine_c0 + H+ <=> L-Serine_m0 + H+	-0.4163542947144392	(no candidates in same subsystem)	
NH4tm_c0	TRANS-RXN-173.ce_m0		NH3 <=> NH3_m0	-0.4163542947144392	(no candidates in same subsystem)	
H2Otm_c0	TRANS-RXNBWI-115401.ce.maizeexp.OH_OH_m0		H2O <=> H2O	0.415735759401947	(no candidates in same subsystem)	
rxn05319_c0	TRANS-RXNBWI-115401.ce.maizeexp.OH_OH_c0		H2O <=> H2O	-0.4119199680923274	(no candidates in same subsystem)	
H2Oter_c0	TRANS-RXNBWI-115401.ce.maizeexp.OH_OH_g0		H2O <=> H2O_r0	-0.4085690862923872	(no candidates in same subsystem)	
TRP_co2_c0r0	CO2 c0↔r0 transport (diffusion)		CO2 <=> CO2_r0	-0.4084188705722659	(no candidates in same subsystem)	
TRP_malcoa_c0r0	Malonyl-CoA transport c0→r0		Malonyl-CoA_c0 <=> Malonyl-CoA_r0	0.4084188705722658	(no candidates in same subsystem)	
rxn05654_c0	Transport of succinate, extracellular_c0		Succinate_e0 + H+ <=> Succinate + H+	-0.3908762174734661	(no candidates in same subsystem)	
EX_cpd00036_e0	Exchange for Succinate_e0		Succinate_e0 --> 	0.390876217473466	(no candidates in same subsystem)	
GLXtp_c0	glyoxylate transport, peroxisomal_x0		Glyoxalate_c0 <=> Glyoxalate	-0.3626051219029622	(no candidates in same subsystem)	
rxn05469_m0	Pyruvate transport via proton symport_m0		Pyruvate + H+ <=> Pyruvate + H+	-0.323182718179467	(no candidates in same subsystem)	
TRP_nadph_c0r0	NADPH c0↔r0 transport (diffusion)		NADPH <=> NADPH_r0	-0.207686487396	(no candidates in same subsystem)	
TRP_nadp_c0r0	NADP c0↔r0 transport (diffusion)		NADP <=> NADP_r0	0.207686487396	(no candidates in same subsystem)	
EX_cpd00132_e0	Exchange for L-Asparagine_e0		L-Asparagine_e0 --> 	-0.2	(no candidates in same subsystem)	
EX_cpd00033_e0	Exchange for Glycine_e0		Glycine_e0 --> 	-0.2	(no candidates in same subsystem)	
EX_cpd00053_e0	Exchange for L-Glutamine_e0		L-Glutamine_e0 --> 	-0.2	(no candidates in same subsystem)	
EX_cpd00161_e0	Exchange for L-Threonine_e0		L-Threonine_e0 --> 	-0.2	(no candidates in same subsystem)	
EX_cpd00054_e0	Exchange for L-Serine_e0		L-Serine_e0 --> 	-0.2	(no candidates in same subsystem)	
EX_cpd00041_e0	Exchange for L-Aspartate_e0		L-Aspartate_e0 --> 	-0.2	(no candidates in same subsystem)	
EX_cpd00023_e0	Exchange for L-Glutamate_e0		L-Glutamate_e0 --> 	-0.2	(no candidates in same subsystem)	
rxn09121_m0	Inorganic phosphate transporter		Phosphate <=> Phosphate	-0.1775019638704221	(no candidates in same subsystem)	
EX_cpd00009_e0	Exchange for Phosphate		Phosphate <=> 	-0.1775019638704221	(no candidates in same subsystem)	
CO2tm_c0	CO2 transporter via diffusion_m0		CO2 <=> CO2	-0.1575567428716004	(no candidates in same subsystem)	
EX_cpd00060_e0	Exchange for L-Methionine_e0		L-Methionine_e0 --> 	-0.1090588218628016	(no candidates in same subsystem)	
TRP_strcoa_c0r0	Stearoyl-CoA (C18) transport c0→r0		strcoa_c0 <=> strcoa_r0	0.1038432436980001	(no candidates in same subsystem)	
SK_cpd02701_c0	Sink for S-Adenosyl-4-methylthio-2-oxobutanoate_c0		S-Adenosyl-4-methylthio-2-oxobutanoate_c0 --> 	0.1011150611340318	(no candidates in same subsystem)	
rxn13149_c0	Hypothetical enzyme_c0		2 H2O + 2 H+ + 3 Malonyl-CoA_c0 --> 2 O2 + 2 CoA + 2 CO2 + Pimeloyl-CoA_c0	0.1011150611340318	(no candidates in same subsystem)	
rxn09689_c0	Transport of 7,8-diaminononanoate, extracellular_c0		H+ + 7-8-Diaminononanoate_e0 <=> H+ + 7-8-Diaminononanoate_c0	-0.1004081636275785	(no candidates in same subsystem)	
EX_cpd00764_e0	Exchange for 7-8-Diaminononanoate_e0		7-8-Diaminononanoate_e0 --> 	0.1004081636275785	(no candidates in same subsystem)	
rxn13238_c0	ceramide-2 (C26) endoplasmic reticular transport_g0		Ceramide-2 Phytosphingosine:n-C26:0)_c0 <=> Ceramide-2 Phytosphingosine:n-C26:0)_r0	-0.0945475414881384	(no candidates in same subsystem)	
TRP_phytosphingosine_r0c0	Phytosphingosine transport r0→c0		Phytosphingosine_r0 <=> Phytosphingosine_c0	-0.0945475414881384	(no candidates in same subsystem)	
bio_gsm	biomass [from GSM]		59.276 H2O + 59.276 ATP + 0.0002 NAD + 0.0002 NADP + 0.0002 CoA + 0.0002 FAD_c0 + 0.008 Pyridoxal phosphate_c0 + 0.008 S-Adenosyl-L-methionine_c0 + 0.046 AMP + 0.3018 L-Glutamate + 0.2904 Glycine_c0 + 0.4588 L-Alanine + 0.2862 L-Lysine_c0 + 0.2975 L-Aspartate + 0.0447 CMP_c0 + 0.02 Sulfate_c0 + 0.1607 L-Arginine_c0 + 0.1054 L-Glutamine + 0.1854 L-Serine_c0 + 0.0002 TPP + 0.0507 L-Methionine_c0 + 0.0284 L-Tryptophan_c0 + 0.1339 L-Phenylalanine_c0 + 0.102 L-Tyrosine_c0 + 0.0066 L-Cysteine_c0 + 0.008 Tetrahydrofolate_c0 + 0.0599 UMP_c0 + 0.008 BIOT_c0 + 0.2964 L-Leucine_c0 + 0.0663 L-Histidine_c0 + 0.046 GMP_c0 + 0.1647 L-Proline_c0 + 0.1017 L-Asparagine_c0 + 0.3 Glycogen + 0.2646 L-Valine_c0 + 0.1914 L-Threonine_c0 + 0.00316 dCMP_c0 + 0.0001 Riboflavin_c0 + 0.00284 dAMP_c0 + 0.00316 dGMP_c0 + 0.00284 dTMP_c0 + 0.2 cpd00314_c0 + 0.1927 L-Isoleucine_c0 + 0.008 5-Methyltetrahydrofolate_c0 + 0.0002 Siroheme_c0 + 0.0001 PAN_c0 + 0.0234 TRHL_c0 + 0.0001 Ergosterol_c0 + 0.0015 Zymosterol_c0 + 0.0002 hemeA_m0 + 0.0001 Lecithin_c0 + 0.0001 Triglyceride_c0 + 0.05 Chitin_c0 + 0.8079 Mannan_c0 + 1.1348 1,3-beta-Glucan_c0 + 0.0001 1-Phosphatidyl-myo-inositol_c0 + 0.05 1,3-alpha-D-Glucan_c0 + 0.001 cpd12744_c0 + 0.0001 Episterol_c0 + 0.00334 Inositol phosphorylceramide, ceramide-3 (26C), yeast-specific_c0 + 0.000259 mannose-(inositol-P)2-ceramide, ceramide-1 (24C), yeast-specific_c0 + 0.000265 mannose-(inositol-P)2-ceramide, ceramide-1 (26C), yeast-specific_c0 + 0.000262 mannose-(inositol-P)2-ceramide, ceramide-2 (24C), yeast-specific_c0 + 0.000268 mannose-(inositol-P)2-ceramide, ceramide-2 (26C), yeast-specific_c0 + 0.000266 mannose-(inositol-P)2-ceramide, ceramide-3 (24C), yeast-specific_c0 + 0.004616 mannose-(inositol-P)2-ceramide, ceramide-3 (26C), yeast-specific_c0 + 0.002476 mannose-inositol phosphorylceramide, ceramide-3 (26C)_c0 + 0.0001 Phosphatidate, yeast-specific_c0 + 0.0002 Ubiquinone-6 + 0.0001 ps_BS_c0 + 0.0001 psetha_BS_c0 --> 59.276 ADP + 59.305 Phosphate + 58.70001 H+	0.0883621883066714	(no candidates in same subsystem)	
rxn09642_c0	mannan endoplasmic reticulum transport via diffusion_g0		Mannan_c0 <=> Mannan_r0	-0.0713878119329598	(no candidates in same subsystem)	
rxn09647_c0	dolichol phosphate endoplasmic reticular transport via proton symport_g0		H+ + Dolichyl phosphate_c0 <=> H+_r0 + Dolichyl phosphate_r0	-0.0713878119329598	(no candidates in same subsystem)	
rxn09510_c0	Dolichyl-phosphate D-mannosyltransferase_g0		GDP-mannose_c0 + Dolichyl phosphate_c0 --> GDP + Dolichyl phosphate D-mannose_r0	0.0713878119329598	(no candidates in same subsystem)	
rxn09582_c0	mannose-inositol phosphorylceramide synthase (ceramide-3, 26C), yeast-specific_c0		GDP-mannose_c0 + 0.01 Inositol phosphorylceramide, ceramide-3 (26C), yeast-specific_c0 --> GDP + H+ + 0.01 mannose-inositol phosphorylceramide, ceramide-3 (26C)_c0	0.0626664639470913	(no candidates in same subsystem)	
EX_cpd00107_e0	Exchange for L-Leucine_e0		L-Leucine_e0 --> 	-0.0261905526140974	(no candidates in same subsystem)	
EX_cpd00039_e0	Exchange for L-Lysine_e0		L-Lysine_e0 --> 	-0.0252892582933693	(no candidates in same subsystem)	
EX_cpd00156_e0	Exchange for L-Valine_e0		L-Valine_e0 --> 	-0.0234071436824379	(no candidates in same subsystem)	
rxn00546_c0	D-Mannitol-1-phosphate 5-dehydrogenase (NADP), fungal	mannitol biosynthesis (compatible solute, NADPH sink)	NADP + cpd27436_c0 <=> NADPH + H+ + D-fructose-6-phosphate	-0.0176724376613342	(no candidates in same subsystem)	
rxn01560_c0	D-Mannitol-1-phosphate phosphohydrolase	mannitol biosynthesis (compatible solute)	H2O + cpd27436_c0 <=> Phosphate + cpd00314_c0	0.0176724376613342	(no candidates in same subsystem)	
EX_cpd00322_e0	Exchange for L-Isoleucine_e0		L-Isoleucine_e0 --> 	-0.0170273936866955	(no candidates in same subsystem)	
EX_cpd00129_e0	Exchange for L-Proline_e0		L-Proline_e0 --> 	-0.0145532524141087	(no candidates in same subsystem)	
EX_cpd00051_e0	Exchange for L-Arginine_e0		L-Arginine_e0 --> 	-0.0141998036608821	(no candidates in same subsystem)	
EX_cpd00066_e0	Exchange for L-Phenylalanine_e0		L-Phenylalanine_e0 --> 	-0.0118316970142633	(no candidates in same subsystem)	
TRP_sphinganine_r0c0	Sphinganine transport r0→c0		Sphinganine_r0 <=> Sphinganine_c0	-0.0092957022098617	(no candidates in same subsystem)	
EX_cpd00069_e0	Exchange for L-Tyrosine_e0		L-Tyrosine_e0 --> 	-0.0091189778332485	(no candidates in same subsystem)	
rxn13235_c0	ceramide-1 (C24) endoplasmic reticular transport_g0		Ceramide-1 Sphinganine:n-C24:0)_c0 <=> Ceramide-1 Sphinganine:n-C24:0)_r0	-0.006954104219735	(no candidates in same subsystem)	
EX_cpd00119_e0	Exchange for L-Histidine_e0		L-Histidine_e0 --> 	-0.0058760855223936	(no candidates in same subsystem)	
EX_cpd00035_e0	Exchange for L-Alanine_e0		L-Alanine_e0 --> 	-0.0049387257801394	(no candidates in same subsystem)	
rxn00741_c0	2-Hydroxybutyrate:NAD+ oxidoreductase_c0		NAD + 2-Hydroxybutyrate <=> NADH + H+ + 2-Oxobutyrate	-0.002756900275168	(no candidates in same subsystem)	
rxn12585_c0	2-hydroxybutyrate cotransport with proton_c0		H+ + 2-Hydroxybutyrate_e0 <=> H+ + 2-Hydroxybutyrate	-0.002756900275168	(no candidates in same subsystem)	
EX_cpd03561_e0	Exchange for 2-Hydroxybutyrate_e0		2-Hydroxybutyrate_e0 --> 	0.002756900275168	(no candidates in same subsystem)	
EX_cpd00065_e0	Exchange for L-Tryptophan_e0		L-Tryptophan_e0 --> 	-0.0025094861479094	(no candidates in same subsystem)	
EX_cpd00048_e0	Exchange for Sulfate_e0		Sulfate_e0 <=> 	-0.0024741412725867	(no candidates in same subsystem)	
rxn09584_c0	mannose-inositol phosphorylceramide synthase (ceramide-2, 26C), yeast-specific_c0		GDP-mannose_c0 + 0.01 Inositol phosphorylceramide, ceramide-2 (26C), yeast-specific_c0 --> GDP + H+ + 0.01 mannose-inositol phosphorylceramide, ceramide-2 (26C), yeast-specific_c0	0.0023681066466187	(no candidates in same subsystem)	
rxn09583_c0	mannose-inositol phosphorylceramide synthase (ceramide-3, 24C), yeast-specific_c0		GDP-mannose_c0 + 0.01 Inositol phosphorylceramide, ceramide-3 (24C), yeast-specific_c0 --> GDP + H+ + 0.01 mannose-inositol phosphorylceramide, ceramide-3 (24C), yeast-specific_c0	0.0023504342089574	(no candidates in same subsystem)	
rxn13236_c0	ceramide-1 (C26) endoplasmic reticular transport_g0		Ceramide-1 Sphinganine:n-C26:0)_c0 <=> Ceramide-1 Sphinganine:n-C26:0)_r0	-0.0023415979901267	(no candidates in same subsystem)	
rxn09586_c0	mannose-inositol phosphorylceramide synthase (ceramide-1, 26C), yeast-specific_c0		GDP-mannose_c0 + 0.01 Inositol phosphorylceramide, ceramide-1 (26C), yeast-specific_c0 --> GDP + H+ + 0.01 mannose-inositol phosphorylceramide, ceramide-1 (26C), yeast-specific_c0	0.0023415979901267	(no candidates in same subsystem)	
rxn09585_c0	mannose-inositol phosphorylceramide synthase (ceramide-2, 24C), yeast-specific_c0		GDP-mannose_c0 + 0.01 Inositol phosphorylceramide, ceramide-2 (24C), yeast-specific_c0 --> GDP + H+ + 0.01 mannose-inositol phosphorylceramide, ceramide-2 (24C), yeast-specific_c0	0.0023150893336347	(no candidates in same subsystem)	
rxn09587_c0	mannose-inositiol phophorylceramide synthase (ceramide-1, 24C), yeast-specific_c0		GDP-mannose_c0 + 0.01 Inositol phosphorylceramide, ceramide-1 (24C), yeast-specific_c0 --> GDP + H+ + 0.01 mannose-inositol phosphorylceramide, ceramide-1 (24C), yeast-specific_c0	0.0022885806771427	(no candidates in same subsystem)	
EX_cpd00084_e0	Exchange for L-Cysteine_e0		L-Cysteine_e0 --> 	0.0021383649570206	(no candidates in same subsystem)	
EX_cpd00047_e0	Exchange for Formate_e0		Formate_e0 --> 	0.0016700453589967	(no candidates in same subsystem)	
rxn08525_c0	formate transport via diffusion (extracellular to periplasm)_c0		Formate_e0 <=> Formate_c0	-0.0016700453589967	(no candidates in same subsystem)	
GCALDtm_c0	RXN0-1683.ce.maizeexp.GLYCOLALDEHYDE_GLYCOLALDEHYDE_m0		Glycolaldehyde_c0 <=> Glycolaldehyde_m0	-0.0014137950129067	(no candidates in same subsystem)	
EX_cpd00229_e0	Exchange for Glycolaldehyde_e0		Glycolaldehyde_e0 --> 	0.0014137950129067	(no candidates in same subsystem)	
rxn09680_c0	RXN0-1683.ce.maizeexp.GLYCOLALDEHYDE_GLYCOLALDEHYDE_c0		Glycolaldehyde_e0 <=> Glycolaldehyde_c0	-0.0014137950129067	(no candidates in same subsystem)	
rxn09768_c0	Dihydropteroate mitochondrial transport via diffusion_m0		Dihydropteroate_c0 <=> Dihydropteroate_m0	-0.0014137950129067	(no candidates in same subsystem)	
4ABZtm_c0	4-Aminobenzoate mitochondrial transport via diffusion_m0		ABEE_c0 <=> ABEE_m0	0.0014137950129067	(no candidates in same subsystem)	
rxn09769_c0	dhnpt mitochondrial transport_m0		Dihydroneopterin_c0 <=> Dihydroneopterin_m0	0.0014137950129067	(no candidates in same subsystem)	
rxn09743_c0	Transport of (S)-3-hydroxy-3-methylglutaryl-CoA, mitochondrial_m0		HMG-CoA_c0 <=> HMG-CoA_m0	-0.00106034625968	(no candidates in same subsystem)	
rxn09457_c0	Oleoyl-CoA desaturase (n-C18:1CoA -> n-C18:2CoA)_c0		NADPH + O2 + H+ + Octadecenoyl-CoA_c0 --> 2 H2O + NADP + Octadecynoyl-CoA_c0	0.001033837603188	(no candidates in same subsystem)	
rxn09790_c0	5-Aminolevulinate mitochondrial transport_m0		5-Aminolevulinate_c0 <=> 5-Aminolevulinate_m0	-0.0002827590025813	(no candidates in same subsystem)	
rxn05093_c0	sulfur:oxygen oxidoreductase (hydrogen-sulfide- and sulfite-forming)_c0		4 H2O + O2 + 4 S_c0 <-- 4 H+ + 2 Sulfite_c0 + 2 H2S_c0	-0.0001767243766133	(no candidates in same subsystem)	
rxn09639_c0	squalene endoplamic reticular transport_g0		Supraene_c0 <=> Supraene_r0	0.0001502157201213	(no candidates in same subsystem)	
O2ter_c0	TRANS-RXNAVI-26568.ce_g0		O2 <=> O2_r0	0.0001502157201213	(no candidates in same subsystem)	
rxn09640_c0	Squalene-2,3-epoxide endoplamic reticular transport_g0		Squalene 2,3-oxide_r0 <=> Squalene 2,3-oxide_c0	0.0001502157201213	(no candidates in same subsystem)	
rxn11972_c0	R02962	Melanin biosynthesis/tyrosine metabolism	cpd00612_c0 --> cpd03330_c0	8.836218830667145e-05	gene_12715;gene_1985;gene_2006	3.41;3.41;3.41
rxn02609_c0	R03672	Melanin biosynthesis/tyrosine metabolism	H+ + cpd00291_c0 + cpd01169_c0 <-- cpd00612_c0 + cpd03330_c0	-8.836218830667145e-05	gene_12715;gene_1985;gene_2006	3.41;3.41;3.41
rxn02611_c0	R03674	Melanin biosynthesis/tyrosine metabolism	H+ + cpd01169_c0 --> CO2 + cpd03308_c0	8.836218830667145e-05	gene_12715;gene_1985;gene_2006	3.41;3.41;3.41
rxn06809_c0	rxn06809	Melanin biosynthesis/tyrosine metabolism	O2 + cpd03309_c0 --> H2O + cpd12744_c0	8.836218830667144e-05	gene_12715;gene_1985;gene_2006	3.41;3.41;3.41
O2tm_c0	TRANS-RXNAVI-26568.ce_m0		O2 <=> O2	7.068975064533716e-05	(no candidates in same subsystem)	
rxn09785_c0	Transport of S-adenosyl-L-homocysteine, mitochondrial_m0		S-Adenosyl-homocysteine_c0 <=> S-Adenosyl-homocysteine_m0	-5.301731298400288e-05	(no candidates in same subsystem)	
rxn08475_c0	iron (II) transport via diffusion (extracellular to periplasm)_c0		Fe2+_e0 --> Fe2+	3.5344875322668574e-05	(no candidates in same subsystem)	
EX_cpd10515_e0	Exchange for Fe2+_e0		Fe2+_e0 <=> 	-3.534487532266857e-05	(no candidates in same subsystem)	
rxn20661_c0	quinolinate synthase_c0		Glycerone-phosphate + Iminoaspartate_c0 --> 2 H2O + Phosphate + Quinolinate_c0	3.5344875321196926e-05	(no candidates in same subsystem)	
ASPOcm_c0	Aspartate oxidase		FAD + L-Aspartate --> H+ + FADH2 + Iminoaspartate_c0	3.5344875321196926e-05	(no candidates in same subsystem)	
rxn09806_c0	2-Dehydropantoate mitochondrial transport_m0		2-Dehydropantoate_c0 <=> 2-Dehydropantoate_m0	2.6508656492711668e-05	(no candidates in same subsystem)	
rxn13388_c0	spermidine:oxygen oxidoreductase (spermidine-forming)_c0		H2O + O2 + Spermine_c0 --> H2O2 + Spermidine_c0 + 3-Aminopropanal_c0	2.6508656492711665e-05	(no candidates in same subsystem)	
rxn01138_c0	Adenosine:phosphate alpha-D-ribosyltransferase_c0		Phosphate + Adenosine <=> Adenine_c0 + Ribose 1-phosphate	-2.650865649271166e-05	(no candidates in same subsystem)	
rxn09728_c0	pantothenate mitochondrial transport_m0		Pantoate_c0 <=> Pantoate_m0	-2.650865649271166e-05	(no candidates in same subsystem)	
rxn10506_c0	2,5-diamino-6-ribitylamino-4(3H)-pyrimidinone 5'-phosphate deaminase_c0		H2O + H+ + 2,5-diamino-6-ribitylamino-4(3H)-pyrimidinone 5'-phosphate_c0 --> NH3 + 5-Amino-6--5-phosphoribitylaminouracil_c0	2.650865649200142e-05	(no candidates in same subsystem)	
rxn30054_c0	pyrimidine phosphatase_c0		H2O + 5-Amino-6--5-phosphoribitylaminouracil_c0 --> Phosphate + 4-(1-D-Ribitylamino)-5-aminouracil_c0	2.650865649200142e-05	(no candidates in same subsystem)	
rxn02175_c0	ATP:pantetheine-4'-phosphate adenylyltransferase_c0		ATP + H+ + Phosphopantetheine_c0 --> PPi + Dephospho-CoA_c0	1.7672437662044518e-05	(no candidates in same subsystem)	
rxn09177_c0	(R)-4'-Phosphopantothenate:L-cysteine ligase_c0		CTP_c0 + L-Cysteine_c0 + 4-phosphopantothenate_c0 --> PPi + CMP_c0 + H+ + (R)-4'-Phosphopantothenoyl-L-cysteine_c0	1.7672437662044514e-05	(no candidates in same subsystem)	
rxn13400_m0	3-(4-hydroxyphenyl)lactate hydro-lyase (4-coumarate-forming)_m0		HPL_m0 --> H2O + 4-Coumarate_m0	1.76724376613343e-05	(no candidates in same subsystem)	
rxn30328_m0	3-(4-hydroxyphenyl-)lactate formation_m0		NADH + H+ + p-hydroxyphenylpyruvate_m0 --> NAD + HPL_m0	1.7672437661334297e-05	(no candidates in same subsystem)	
rxn13376_c0	all-trans-Pentaprenyl diphosphate transport, mitochondrial_m0		pendp_c0 <=> pendp_m0	1.7672437661334297e-05	(no candidates in same subsystem)	
rxn13332_c0	Isopentenyl diphosphate transport, mitochondrial_m0		Isopentenyldiphosphate_c0 <=> Isopentenyldiphosphate_m0	1.7672437661334297e-05	(no candidates in same subsystem)	
rxn05287_c0	geranylgeranyl-diphosphate:isopentenyl-diphosphate transtransferase_c0		Isopentenyldiphosphate_c0 + Geranylgeranyl diphosphate_c0 --> PPi + pendp_c0	1.7672437661334297e-05	(no candidates in same subsystem)	
3OPHB_5tm_c0	3 Octaprenyl 4 hydroxybenzoate mitochondrial transport		3 Hexaprenyl 4 hydroxybenzoate C37H53O3 <=> 3 Hexaprenyl 4 hydroxybenzoate C37H53O3	-1.7672437661334294e-05	(no candidates in same subsystem)	
rxn13208_m0	4-hydroxybenzoate formation_m0		H2O + 4-hydroxybenoyl-CoA_m0 --> CoA + H+ + 4-Hydroxybenzoate_m0	1.7672437661334294e-05	(no candidates in same subsystem)	
PEtm_SC_c0	Phosphatidylethanolamine mitochondrial transport  yeast specific		psetha_BS_c0 <=> psetha_BS_m0	-1.7672437661334294e-05	(no candidates in same subsystem)	
rxn13207_m0	4-hydroxybenzoyl-CoA formation_m0		H2O + NAD + CoA + 4-Coumaroyl-CoA_m0 --> NADH + Acetyl-CoA + H+ + 4-hydroxybenoyl-CoA_m0	1.7672437661334294e-05	(no candidates in same subsystem)	
3OPHB5Hm_c0	3 Hexaprenyl 4 5 dihydroxybenzoate hydroxylase  mitochondrial		3 Hexaprenyl 4 hydroxybenzoate C37H53O3 + 0.5 O2 --> 3-Hexaprenyl-4,5-dihydroxybenzoate_c0	1.7672437661334294e-05	(no candidates in same subsystem)	
rxn00438_c0	ATP:thiamin-phosphate phosphotransferase_c0		ATP + Thiamine phosphate_c0 <=> ADP + TPP	1.767243766133429e-05	(no candidates in same subsystem)	
EX_cpd00281_e0	Exchange for GABA_e0		GABA_e0 --> 	1.767243766133429e-05	(no candidates in same subsystem)	
rxn13199_c0	3-Hexaprenyl-4,5-dihydroxybenzoate transport, mitochondrial_m0		3-Hexaprenyl-4,5-dihydroxybenzoate_c0 <=> 3-Hexaprenyl-4,5-dihydroxybenzoate_m0	1.767243766133429e-05	(no candidates in same subsystem)	
rxn13290_c0	farnesyl diphosphate transport (mitochondrial)_m0		Farnesyldiphosphate_c0 <=> Farnesyldiphosphate_m0	1.7672437661334287e-05	(no candidates in same subsystem)	
THZPSN2_SC_c0	Thiazole phosphate synthesis  ribose 5 phosphate   yeast specifc		Glycine_c0 + H+ + L-Cysteine_c0 + O-Acetyl-L-homoserine_c0 + alpha-D-Ribose 5-phosphate --> 3 H2O + CO2 + NH3 + Pyruvate + Acetate + GABA + 4-Methyl-5--2-phosphoethyl-thiazole_c0	1.7672437661334287e-05	(no candidates in same subsystem)	
PStm_SC_c0	Phosphatidylserine mitochondrial  transport  yeast specific		ps_BS_c0 <=> ps_BS_m0	1.7672437661334287e-05	(no candidates in same subsystem)	
rxn09721_c0	protoporphyrinogen IX mitochondrial transport_m0		ProtoporphyrinogenIX_c0 <=> ProtoporphyrinogenIX_m0	1.7672437661334287e-05	(no candidates in same subsystem)	
FE2utm_c0	iron (II) transport via diffusion (extracellular to periplasm)_m0		Fe2+ --> Fe2+_m0	1.7672437661334284e-05	(no candidates in same subsystem)	
ERGSTter_c0	ergosterol endoplasmic reticular transport_g0		Ergosterol_r0 <=> Ergosterol_c0	8.836218830667142e-06	(no candidates in same subsystem)	
rxn09645_c0	Ergosta-5,6,22,24,(28)-tetraen-3beta-ol endoplamic reticular transport_g0		5,7,22,24(28)-Ergostatetraenol_c0 <=> 5,7,22,24(28)-Ergostatetraenol_r0	8.83621883066714e-06	(no candidates in same subsystem)	
