ch63r_id	mapped_gene	mapped_pident	mapped_qcovs	mapped_evalue	mapped_bitscore	best_overall_hit	best_overall_pident	best_overall_is_mstrg	mstrg_best_hit	mstrg_best_pident	flag
CH63R_00879	gene_744	75.912	100.0	0.0	647.0	gene_744	75.912	False			
CH63R_00885	gene_7359	82.398	99.0	0.0	691.0	gene_7359	82.398	False			
CH63R_00965	gene_542	94.531	100.0	0.0	2416.0	gene_542	94.531	False	S1_only_classu|MSTRG.13076.1.p1	48.0	
CH63R_01093	gene_9611	78.864	99.0	0.0	1042.0	gene_9611	78.864	False			
CH63R_01806	gene_12715	78.788	100.0	0.0	563.0	gene_12715	78.788	False			
CH63R_01844	gene_1689	92.535	98.0	0.0	1238.0	gene_1689	92.535	False	S1_only_classu|MSTRG.13076.1.p1	23.897	
CH63R_03193	gene_6198	86.508	75.0	0.0	676.0	gene_6198	86.508	False			
CH63R_03403	gene_744	61.65	100.0	0.0	540.0	gene_744	61.65	False			
CH63R_04541	gene_2238	90.865	99.0	0.0	1535.0	gene_2238	90.865	False	S1_only_classu|MSTRG.13076.1.p1	21.972	
CH63R_05148	gene_7087	76.601	99.0	0.0	653.0	gene_7087	76.601	False			
CH63R_05546	gene_2759	37.061	92.0	1.34e-59	195.0	gene_2759	37.061	False			WEAK_MATCH (pident < 50%)
CH63R_05602	gene_6887	77.582	100.0	0.0	650.0	gene_6887	77.582	False			
CH63R_05805	gene_5274	94.643	100.0	0.0	986.0	gene_5274	94.643	False			
CH63R_06927	gene_2958	81.612	100.0	0.0	658.0	gene_2958	81.612	False	S1_only_classu|MSTRG.12028.1.p3	34.694	
CH63R_07020	gene_2487	80.946	100.0	0.0	1304.0	gene_2487	80.946	False			
CH63R_07299	gene_6642	60.744	77.0	9.29e-112	326.0	gene_6642	60.744	False			
CH63R_07609	gene_6198	55.145	93.0	2.9e-150	433.0	gene_6198	55.145	False			
CH63R_07729	gene_7871	93.165	100.0	0.0	3439.0	S1_only_classu|MSTRG.13076.1.p1	93.165	True	S1_only_classu|MSTRG.13076.1.p1	93.165	
CH63R_08598	gene_1406	86.288	99.0	0.0	742.0	gene_1406	86.288	False	S1_only_classu|MSTRG.6680.1.p1	30.496	
CH63R_08879	gene_12527	95.681	98.0	0.0	1805.0	gene_12527	95.681	False	S1_only_classu|MSTRG.5768.2.p1	38.806	
CH63R_12386	gene_1985	31.268	90.0	5.02e-48	166.0	gene_1985	31.268	False			WEAK_MATCH (pident < 50%)
CH63R_13047	gene_2759	41.254	95.0	4.71e-78	241.0	gene_2759	41.254	False			WEAK_MATCH (pident < 50%)
CH63R_13626	gene_4687	75.379	99.0	0.0	830.0	gene_4687	75.379	False			
CH63R_13766	gene_4355	73.282	100.0	0.0	599.0	gene_4355	73.282	False			
CH63R_14094	gene_2006	65.217	99.0	0.0	726.0	gene_2006	65.217	False			
CH63R_14356	gene_3783	57.994	80.0	1.34e-109	339.0	gene_3783	57.994	False			
CH63R_14563						gene_9611	21.359	False			NO_GENE_HIT_PASSES_THRESHOLDS
CH63R_00029	gene_6709	95.333	100.0	0.0	602.0	gene_6709	95.333	False	S2_only_classu|MSTRG.1703.1.p1	95.294	
CH63R_00048	gene_12543	98.218	100.0	0.0	921.0	gene_12543	98.218	False			
CH63R_00060	gene_159	90.521	100.0	0.0	750.0	gene_159	90.521	False			
CH63R_00061	gene_9205	79.401	100.0	0.0	887.0	gene_9205	79.401	False			
CH63R_00082	gene_3348	89.937	100.0	0.0	889.0	gene_3348	89.937	False			
CH63R_00097	gene_521	78.976	99.0	0.0	1223.0	gene_521	78.976	False			
CH63R_00204	gene_11718	65.918	93.0	0.0	671.0	S1_only_classu|MSTRG.13023.2.p1	65.918	True	S1_only_classu|MSTRG.13023.2.p1	65.918	
CH63R_00264	gene_5844	86.741	94.0	0.0	1087.0	gene_5844	86.741	False			
CH63R_00275	gene_7317	80.288	98.0	2.89e-123	347.0	gene_7317	80.288	False			
CH63R_00298	gene_8678	88.674	100.0	0.0	643.0	gene_8678	88.674	False			
CH63R_00313	gene_4435	90.854	100.0	0.0	944.0	gene_4435	90.854	False			
CH63R_00352	gene_7255	89.908	100.0	0.0	609.0	gene_7255	89.908	False	S1_only_classu|MSTRG.12242.1.p2	37.705	
CH63R_00425	gene_3869	86.64	100.0	0.0	919.0	gene_3869	86.64	False			
CH63R_00466	gene_3213	95.563	100.0	0.0	3905.0	gene_3213	95.563	False	S1_only_classu|MSTRG.11793.1.p1	24.596	
CH63R_00485	gene_5504	84.715	81.0	0.0	961.0	gene_5504	84.715	False			
CH63R_00489	gene_12910	90.067	99.0	0.0	1082.0	gene_12910	90.067	False			
CH63R_00530	gene_3819	97.138	100.0	0.0	1195.0	gene_3819	97.138	False			
CH63R_00557	gene_4061	94.867	100.0	0.0	1033.0	gene_4061	94.867	False	S1_only_classu|MSTRG.13023.2.p1	53.659	
CH63R_00609	gene_5507	79.667	80.0	7.69e-167	493.0	gene_5507	79.667	False			
CH63R_00625	gene_8846	81.373	100.0	0.0	650.0	gene_8846	81.373	False			
CH63R_00636	gene_11978	98.0	100.0	0.0	1424.0	gene_11978	98.0	False			
CH63R_00640	gene_8865	90.981	100.0	0.0	680.0	gene_8865	90.981	False			
CH63R_00642	gene_6997	96.644	100.0	8.64e-106	297.0	gene_6997	96.644	False			
CH63R_00653	gene_12988	92.308	99.0	1.2e-112	328.0	gene_12988	92.308	False			
CH63R_00671	gene_4557	96.523	100.0	0.0	1216.0	S2_only_classu|MSTRG.2790.1.p1	96.523	True	S2_only_classu|MSTRG.2790.1.p1	96.523	
CH63R_00672	gene_3969	90.157	97.0	0.0	2123.0	gene_3969	90.157	False			
CH63R_00716	gene_4816	91.414	100.0	0.0	743.0	gene_4816	91.414	False			
CH63R_00733	gene_1703	83.959	99.0	0.0	502.0	gene_1703	83.959	False			
CH63R_00750	gene_5870	81.301	100.0	0.0	691.0	gene_5870	81.301	False			
CH63R_00764	gene_9039	78.445	99.0	0.0	919.0	gene_9039	78.445	False			
CH63R_00801	gene_8788	97.82	98.0	0.0	743.0	gene_8788	97.82	False			
CH63R_00831	gene_10931	89.369	100.0	0.0	525.0	gene_10931	89.369	False			
CH63R_00834	gene_9483	97.091	100.0	0.0	1483.0	gene_9483	97.091	False	S1_only_classu|MSTRG.2425.1.p1	96.486	
CH63R_00907	gene_2689	96.364	100.0	0.0	1553.0	gene_2689	96.364	False			
CH63R_00913	gene_556	92.384	92.0	0.0	587.0	gene_556	92.384	False			
CH63R_00956	gene_10636	94.961	100.0	0.0	1522.0	gene_10636	94.961	False	S2_only_classu|MSTRG.8415.1.p1	30.725	
CH63R_00975	gene_7169	93.446	100.0	0.0	2459.0	gene_7169	93.446	False			
CH63R_00992	gene_6533	88.575	98.0	0.0	1339.0	gene_6533	88.575	False			
CH63R_01014	gene_11836	96.232	92.0	0.0	681.0	gene_11836	96.232	False			
CH63R_01032	gene_12319	94.242	98.0	0.0	628.0	gene_12319	94.242	False			
CH63R_01062	gene_5890	77.992	99.0	0.0	822.0	gene_5890	77.992	False			
CH63R_01098	gene_7813	89.757	82.0	0.0	674.0	gene_7813	89.757	False			
CH63R_01114	gene_3559	90.376	100.0	0.0	1174.0	gene_3559	90.376	False	S1_only_classu|MSTRG.4710.1.p1	43.72	
CH63R_01130	gene_3295	95.215	99.0	5.989999999999999e-152	419.0	gene_3295	95.215	False			
CH63R_01136	gene_3442	88.976	99.0	0.0	895.0	S1_only_classu|MSTRG.11104.1.p1	95.481	True	S1_only_classu|MSTRG.11104.1.p1	95.481	
CH63R_01146	gene_7361	91.986	100.0	0.0	1089.0	gene_7361	91.986	False			
CH63R_01148	gene_2500	78.71	100.0	0.0	510.0	gene_2500	78.71	False			
CH63R_01151	gene_11289	95.902	100.0	2.35e-155	453.0	gene_11289	95.902	False			
CH63R_01158	gene_4234	92.879	98.0	0.0	1249.0	gene_4234	92.879	False			
CH63R_01190	gene_6981	97.314	100.0	0.0	989.0	gene_6981	97.314	False			
CH63R_01198	gene_7754	88.105	100.0	0.0	905.0	gene_7754	88.105	False	S1_only_classu|MSTRG.9665.1.p1	38.943	
CH63R_01221	gene_11047	71.831	100.0	0.0	945.0	gene_11047	71.831	False			
CH63R_01250	gene_8702	93.626	100.0	0.0	840.0	gene_8702	93.626	False			
CH63R_01328	gene_8831	39.547	98.0	5.19e-95	290.0	gene_8831	39.547	False			WEAK_MATCH (pident < 50%)
CH63R_01493	gene_6175	81.149	86.0	0.0	739.0	gene_6175	81.149	False	S1_only_classu|MSTRG.5091.1.p1	40.0	
CH63R_01704	gene_4889	88.565	99.0	0.0	840.0	S1_only_classu|MSTRG.11631.1.p1	88.565	True	S1_only_classu|MSTRG.11631.1.p1	88.565	
CH63R_01727	gene_4566	84.646	99.0	5.86e-153	425.0	gene_4566	84.646	False			
CH63R_01728	gene_4076	95.833	100.0	0.0	603.0	S1_only_classu|MSTRG.11647.1.p1	95.833	True	S1_only_classu|MSTRG.11647.1.p1	95.833	
CH63R_01732	gene_3212	88.867	98.0	0.0	2484.0	gene_3212	88.867	False			
CH63R_01747	gene_11955	92.857	100.0	2.82e-92	262.0	gene_11955	92.857	False			
CH63R_01793	gene_11454	67.183	87.0	0.0	516.0	gene_11454	67.183	False			
CH63R_01836	gene_4147	93.631	100.0	0.0	1209.0	gene_4147	93.631	False			
CH63R_01837	gene_3959	96.64	100.0	0.0	1019.0	S1_only_classu|MSTRG.12936.1.p1	96.64	True	S1_only_classu|MSTRG.12936.1.p1	96.64	
CH63R_01971	gene_11973	96.794	100.0	0.0	1323.0	gene_11973	96.794	False			
CH63R_01974	gene_11861	85.532	100.0	0.0	829.0	gene_11861	85.532	False			
CH63R_01990	gene_6295	91.444	99.0	0.0	3486.0	gene_6295	91.444	False			
CH63R_02002	gene_892	88.581	92.0	0.0	1067.0	gene_892	88.581	False	S1_only_classu|MSTRG.9665.1.p1	88.967	
CH63R_02006	gene_788	95.567	98.0	0.0	809.0	gene_788	95.567	False			
CH63R_02091	gene_1425	89.27	99.0	5.33e-152	421.0	gene_1425	89.27	False	S1_only_classu|MSTRG.4555.1.p1	28.505	
CH63R_02115	gene_6240	79.649	100.0	1.07e-161	449.0	gene_6240	79.649	False			
CH63R_02188	gene_7797	88.958	100.0	0.0	834.0	gene_7797	88.958	False			
CH63R_02202	gene_7999	83.439	99.0	1.12e-86	253.0	gene_7999	83.439	False			
CH63R_02221						gene_9526	28.837	False			NO_GENE_HIT_PASSES_THRESHOLDS
CH63R_02231	gene_12725	71.163	99.0	0.0	608.0	gene_12725	71.163	False			
CH63R_02239	gene_7208	93.948	100.0	0.0	644.0	gene_7208	93.948	False	S1_only_classu|MSTRG.9989.1.p1	94.314	
CH63R_02242	gene_128	86.496	100.0	2.22e-178	491.0	gene_128	86.496	False	S1_only_classu|MSTRG.4010.1.p3	24.868	
CH63R_02251	gene_2491	95.506	100.0	0.0	883.0	gene_2491	95.506	False			
CH63R_02265	gene_1982	94.094	100.0	0.0	1907.0	gene_1982	94.094	False	S1_only_classu|MSTRG.10194.1.p1	25.692	
CH63R_02307	gene_902	81.644	100.0	0.0	589.0	gene_902	81.644	False			
CH63R_02323	gene_9526	30.556	54.0	1.31e-20	94.4	gene_7616	67.949	False			WEAK_MATCH (pident < 50%)
CH63R_02335	gene_12185	91.262	100.0	0.0	575.0	gene_12185	91.262	False			
CH63R_02356	gene_10947	93.769	67.0	0.0	630.0	gene_10947	93.769	False			
CH63R_02364	gene_4436	93.203	100.0	0.0	1447.0	gene_4436	93.203	False	S1_only_classu|MSTRG.4953.1.p1	28.916	
CH63R_02387	gene_2101	88.913	100.0	0.0	832.0	gene_2101	88.913	False			
CH63R_02431	gene_8159	93.612	100.0	0.0	803.0	gene_8159	93.612	False	S1_only_classu|MSTRG.10219.1.p1	93.857	
CH63R_02435	gene_12385	88.073	100.0	0.0	998.0	gene_12385	88.073	False	S1_only_classu|MSTRG.10229.1.p1	88.427	
CH63R_02477	gene_3062	92.0	100.0	0.0	845.0	gene_3062	92.0	False			
CH63R_02502	gene_581	86.462	100.0	0.0	1545.0	gene_581	86.462	False			
CH63R_02531	gene_13023	90.146	100.0	0.0	517.0	gene_13023	90.146	False			
CH63R_02547	gene_2076	95.884	100.0	0.0	807.0	gene_2076	95.884	False			
CH63R_02572	gene_2347	84.211	94.0	0.0	598.0	gene_2347	84.211	False			
CH63R_02593	gene_598	93.385	97.0	0.0	1500.0	gene_598	93.385	False	S1_only_classu|MSTRG.13929.1.p1	92.332	
CH63R_02607	gene_7944	82.99	100.0	5.21e-117	328.0	gene_7944	82.99	False	S1_only_classu|MSTRG.15278.1.p1	82.99	
CH63R_02610	gene_12907	94.063	100.0	0.0	1065.0	gene_12907	94.063	False			
CH63R_02626	gene_385	89.212	100.0	1.27e-161	446.0	gene_385	89.212	False			
CH63R_02632	gene_3606	65.507	100.0	5.55e-165	460.0	gene_3606	65.507	False	S1_only_classu|MSTRG.12242.1.p2	80.328	
CH63R_02665	gene_1757	91.231	100.0	0.0	1020.0	gene_1757	91.231	False			
CH63R_02667	gene_2512	94.921	99.0	0.0	1246.0	gene_2512	94.921	False			
CH63R_02669	gene_2821	90.167	100.0	0.0	918.0	gene_2821	90.167	False			
CH63R_02675	gene_9941	91.254	100.0	0.0	647.0	gene_9941	91.254	False			
CH63R_02687	gene_10704	83.476	100.0	0.0	1129.0	S1_only_classu|MSTRG.12298.1.p1	83.476	True	S1_only_classu|MSTRG.12298.1.p1	83.476	
CH63R_02708	gene_10181	79.06	100.0	2.92e-111	335.0	gene_10181	79.06	False			
CH63R_02710	gene_10177	91.106	97.0	0.0	791.0	gene_10177	91.106	False	S1_only_classu|MSTRG.10952.1.p1	29.53	
CH63R_02735	gene_6043	96.721	100.0	0.0	721.0	gene_6043	96.721	False			
CH63R_02761	gene_2907	93.023	100.0	0.0	1003.0	S1_only_classu|MSTRG.12404.1.p1	93.023	True	S1_only_classu|MSTRG.12404.1.p1	93.023	
CH63R_02768	gene_8206	94.915	100.0	0.0	595.0	S1_only_classu|MSTRG.12402.1.p1	94.915	True	S1_only_classu|MSTRG.12402.1.p1	94.915	
CH63R_02795	gene_10178	92.005	96.0	0.0	1413.0	gene_10178	92.005	False			
CH63R_02821	gene_5545	92.842	98.0	0.0	898.0	gene_5545	92.842	False			
CH63R_02901	gene_1904	98.876	100.0	1.37e-59	176.0	gene_1904	98.876	False			
CH63R_02957	gene_2093	97.917	100.0	0.0	590.0	gene_2093	97.917	False			
CH63R_02959	gene_4548	91.98	93.0	0.0	745.0	gene_4548	91.98	False	S1_only_classu|MSTRG.14991.1.p3	41.617	
CH63R_02974	gene_11213	93.113	100.0	0.0	715.0	gene_11213	93.113	False			
CH63R_03059	gene_3404	85.734	100.0	0.0	1271.0	gene_3404	85.734	False			
CH63R_03084	gene_6410	85.542	100.0	1.13e-149	415.0	gene_6410	85.542	False			
CH63R_03112	gene_5300	87.768	100.0	0.0	546.0	gene_5300	87.768	False			
CH63R_03152	gene_888	91.701	83.0	0.0	902.0	S1_only_classu|MSTRG.12836.2.p1	91.532	True	S1_only_classu|MSTRG.12836.2.p1	91.532	
CH63R_03167	gene_10957	91.358	92.0	2.07e-170	471.0	gene_10957	91.358	False			
CH63R_03228	gene_5687	92.283	100.0	0.0	1186.0	gene_5687	92.283	False			
CH63R_03268	gene_8514	81.957	100.0	0.0	560.0	gene_8514	81.957	False			
CH63R_03270	gene_2120	90.667	100.0	0.0	858.0	gene_2120	90.667	False			
CH63R_03324	gene_12685	89.7	100.0	0.0	926.0	gene_12685	89.7	False	S1_only_classu|MSTRG.14991.1.p3	39.879	
CH63R_03338	gene_10589	96.056	100.0	0.0	4579.0	gene_10589	96.056	False			
CH63R_03355	gene_187	91.011	91.0	0.0	1019.0	gene_187	91.011	False	S1_only_classu|MSTRG.1781.1.p1	40.753	
CH63R_03370	gene_6939	92.627	100.0	0.0	1451.0	gene_6939	92.627	False			
CH63R_03458	gene_7936	92.245	100.0	0.0	948.0	gene_7936	92.245	False	Shared_classu|MSTRG.1869.1.p1	57.248	
CH63R_03462						gene_3343	90.674	False	S1_only_classu|MSTRG.2260.1.p3	88.961	NO_GENE_HIT_PASSES_THRESHOLDS
CH63R_03465	gene_8488	96.953	84.0	0.0	737.0	gene_8488	96.953	False			
CH63R_03507	gene_2440	85.391	100.0	0.0	1023.0	gene_2440	85.391	False			
CH63R_03565	gene_1461	72.273	99.0	0.0	662.0	gene_1461	72.273	False			
CH63R_03581	gene_10717	86.015	100.0	0.0	894.0	gene_10717	86.015	False			
CH63R_03584	gene_10389	91.513	72.0	8.3e-173	481.0	gene_10389	91.513	False			
CH63R_03603	gene_953	95.631	90.0	1.4399999999999998e-146	410.0	gene_953	95.631	False			
CH63R_03797	gene_646	65.402	94.0	0.0	649.0	gene_646	65.402	False	S1_only_classu|MSTRG.9167.1.p1	64.052	
CH63R_03833	gene_12719	45.6	99.0	2.5799999999999998e-74	227.0	gene_12719	45.6	False			WEAK_MATCH (pident < 50%)
CH63R_03839	gene_5611	82.65	100.0	0.0	508.0	gene_5611	82.65	False			
CH63R_03869	gene_12313	81.495	99.0	3.34e-165	457.0	gene_12313	81.495	False			
CH63R_03890	gene_8185	92.699	99.0	0.0	1503.0	gene_8185	92.699	False			
CH63R_03921	gene_3110	37.107	95.0	2.29e-65	209.0	gene_3110	37.107	False	S1_only_classu|MSTRG.1842.1.p2	33.835	WEAK_MATCH (pident < 50%)
CH63R_03986	gene_11837	77.513	100.0	0.0	946.0	gene_11837	77.513	False			
CH63R_04010	gene_1085	78.233	100.0	0.0	1224.0	gene_1085	78.233	False			
CH63R_04034	gene_1800	89.858	99.0	0.0	908.0	S1_only_classu|MSTRG.5200.1.p1	89.858	True	S1_only_classu|MSTRG.5200.1.p1	89.858	
CH63R_04050	gene_1734	93.594	100.0	0.0	2181.0	gene_1734	93.594	False	S1_only_classu|MSTRG.12298.1.p1	32.99	
CH63R_04060	gene_5526	97.143	100.0	0.0	929.0	S1_only_classu|MSTRG.5151.1.p1	97.143	True	S1_only_classu|MSTRG.5151.1.p1	97.143	
CH63R_04098	gene_5421	94.626	100.0	0.0	812.0	gene_5421	94.626	False			
CH63R_04112	gene_4370	93.084	99.0	0.0	664.0	S1_only_classu|MSTRG.5099.1.p1	93.084	True	S1_only_classu|MSTRG.5099.1.p1	93.084	
CH63R_04113	gene_885	95.429	100.0	1.1400000000000001e-123	344.0	gene_885	95.429	False	S1_only_classu|MSTRG.5099.1.p4	95.429	
CH63R_04116	gene_12844	90.582	100.0	0.0	662.0	gene_12844	90.582	False			
CH63R_04119	gene_11412	89.661	100.0	0.0	1143.0	gene_11412	89.661	False	S1_only_classu|MSTRG.5091.1.p1	94.227	
CH63R_04152	gene_4664	96.774	100.0	3.27e-160	440.0	gene_4664	96.774	False			
CH63R_04155	gene_5255	89.06	98.0	0.0	914.0	gene_5255	89.06	False			
CH63R_04175	gene_699	92.568	100.0	0.0	1046.0	gene_699	92.568	False			
CH63R_04198	gene_1542	95.074	97.0	0.0	2681.0	S1_only_classu|MSTRG.4915.1.p1	94.695	True	S1_only_classu|MSTRG.4915.1.p1	94.695	
CH63R_04211	gene_4505	97.462	100.0	0.0	808.0	gene_4505	97.462	False	S1_only_classu|MSTRG.12936.1.p1	35.211	
CH63R_04247	gene_977	80.069	100.0	0.0	981.0	S2_only_classu|MSTRG.4855.1.p1	80.069	True	S2_only_classu|MSTRG.4855.1.p1	80.069	
CH63R_04256	gene_6597	97.339	100.0	0.0	917.0	gene_6597	97.339	False			
CH63R_04276	gene_3939	95.87	100.0	0.0	907.0	gene_3939	95.87	False			
CH63R_04277	gene_4690	97.817	100.0	3.2700000000000004e-167	459.0	gene_4690	97.817	False			
CH63R_04301	gene_7220	94.393	100.0	0.0	624.0	gene_7220	94.393	False			
CH63R_04317	gene_2662	85.942	100.0	0.0	655.0	S1_only_classu|MSTRG.4777.1.p3	87.268	True	S1_only_classu|MSTRG.4777.1.p3	87.268	
CH63R_04347	gene_10841	90.435	100.0	7.6e-151	417.0	gene_10841	90.435	False			
CH63R_04356	gene_3929	91.667	100.0	0.0	1131.0	S1_only_classu|MSTRG.4710.1.p1	91.667	True	S1_only_classu|MSTRG.4710.1.p1	91.667	
CH63R_04368	gene_8581	92.505	100.0	0.0	1051.0	S1_only_classu|MSTRG.4701.1.p1	92.505	True	S1_only_classu|MSTRG.4701.1.p1	92.505	
CH63R_04413	gene_1548	89.734	100.0	0.0	972.0	gene_1548	89.734	False	S1_only_classu|MSTRG.3697.1.p1	39.748	
CH63R_04437	gene_5380	97.124	100.0	0.0	910.0	S1_only_classu|MSTRG.4617.1.p1	97.124	True	S1_only_classu|MSTRG.4617.1.p1	97.124	
CH63R_04449	gene_7723	80.556	99.0	5.4e-176	486.0	gene_7723	80.556	False			
CH63R_04482	gene_11370	96.391	100.0	0.0	935.0	gene_11370	96.391	False			
CH63R_04484	gene_1190	93.168	90.0	3.4700000000000003e-109	314.0	gene_1190	93.168	False			
CH63R_04511	gene_8338	95.902	100.0	0.0	1221.0	gene_8338	95.902	False			
CH63R_04520	gene_6518	97.393	97.0	0.0	856.0	gene_6518	97.393	False			
CH63R_04529	gene_395	86.687	99.0	0.0	1189.0	gene_395	86.687	False			
CH63R_04552	gene_5397	93.246	100.0	0.0	1053.0	gene_5397	93.246	False	S1_only_classu|MSTRG.13023.2.p1	30.481	
CH63R_04561	gene_5707	87.748	100.0	0.0	543.0	S2_only_classu|MSTRG.6073.1.p1	87.748	True	S2_only_classu|MSTRG.6073.1.p1	87.748	
CH63R_04587	gene_6854	97.436	100.0	1.09e-164	453.0	gene_6854	97.436	False			
CH63R_04598	gene_5035	92.395	100.0	0.0	1498.0	gene_5035	92.395	False			
CH63R_04601	gene_1461	95.397	100.0	0.0	930.0	gene_1461	95.397	False			
CH63R_04639	gene_1482	97.068	100.0	0.0	626.0	gene_1482	97.068	False			
CH63R_04644	gene_3496	89.8	99.0	0.0	902.0	gene_3496	89.8	False			
CH63R_04678	gene_4589	97.807	100.0	0.0	932.0	gene_4589	97.807	False			
CH63R_04690	gene_434	88.037	100.0	0.0	1805.0	gene_434	88.037	False	S1_only_classu|MSTRG.5909.1.p1	94.343	
CH63R_04716	gene_3452	74.101	91.0	0.0	626.0	gene_3452	74.101	False			
CH63R_04717	gene_11066	81.132	99.0	2.93e-159	442.0	gene_11066	81.132	False			
CH63R_04767	gene_11435	88.822	100.0	0.0	924.0	gene_11435	88.822	False	S1_only_classu|MSTRG.972.1.p1	26.812	
CH63R_04835	gene_7096	30.68	83.0	2.3300000000000003e-77	259.0	gene_7096	30.68	False			WEAK_MATCH (pident < 50%)
CH63R_04836	gene_4721	89.49	100.0	0.0	585.0	S1_only_classu|MSTRG.197.1.p1	89.49	True	S1_only_classu|MSTRG.197.1.p1	89.49	
CH63R_04858	gene_11350	87.229	96.0	0.0	747.0	gene_11350	87.229	False			
CH63R_04859	gene_11350	85.795	78.0	2.67e-100	317.0	gene_11350	85.795	False	S2_only_classu|MSTRG.1703.1.p2	31.068	
CH63R_04884	gene_11582	82.683	96.0	0.0	667.0	gene_11582	82.683	False			
CH63R_04908	gene_9490	85.746	100.0	0.0	771.0	gene_9490	85.746	False			
CH63R_04917	gene_8831	94.866	100.0	0.0	870.0	gene_8831	94.866	False			
CH63R_04934	gene_5199	97.393	93.0	0.0	854.0	gene_5199	97.393	False	S1_only_classu|MSTRG.4555.1.p1	40.217	
CH63R_04939	gene_3061	95.232	99.0	0.0	3034.0	gene_3061	95.232	False	S1_only_classu|MSTRG.277.1.p1	31.138	
CH63R_04985	gene_619	94.979	93.0	1.37e-176	485.0	gene_619	94.979	False			
CH63R_05001	gene_8831	40.95	98.0	5.74e-108	326.0	gene_8831	40.95	False			WEAK_MATCH (pident < 50%)
CH63R_05027	gene_6132	94.444	100.0	0.0	1669.0	gene_6132	94.444	False			
CH63R_05032	gene_3724	85.974	99.0	0.0	659.0	gene_3724	85.974	False			
CH63R_05056	gene_10535	95.361	99.0	0.0	766.0	gene_10535	95.361	False	S1_only_classu|MSTRG.6156.1.p1	95.93	
CH63R_05160	gene_9918	87.5	100.0	0.0	655.0	gene_9918	87.5	False			
CH63R_05259	gene_1218	93.511	90.0	0.0	508.0	gene_1218	93.511	False			
CH63R_05264	gene_128	48.679	98.0	1.59e-87	260.0	gene_128	48.679	False			WEAK_MATCH (pident < 50%)
CH63R_05266	gene_2434	53.584	94.0	8.62e-106	310.0	gene_2434	53.584	False	S1_only_classu|MSTRG.629.1.p2	53.584	
CH63R_05293	gene_6040	87.5	100.0	1.2899999999999999e-170	470.0	gene_6040	87.5	False			
CH63R_05320	gene_5400	92.91	98.0	0.0	783.0	gene_5400	92.91	False	S1_only_classu|MSTRG.5909.1.p2	31.646	
CH63R_05327	gene_12742	97.386	99.0	0.0	928.0	gene_12742	97.386	False			
CH63R_05358	gene_1258	85.306	100.0	4.57e-146	410.0	S1_only_classu|MSTRG.10729.1.p1	85.306	True	S1_only_classu|MSTRG.10729.1.p1	85.306	
CH63R_05417	gene_3103	94.515	100.0	0.0	2231.0	gene_3103	94.515	False	S1_only_classu|MSTRG.13627.1.p1	94.53	
CH63R_05418	gene_9922	84.348	99.0	2e-147	409.0	gene_9922	84.348	False			
CH63R_05480	gene_367	59.41	84.0	8.67e-123	358.0	gene_367	59.41	False			
CH63R_05764	gene_9875	96.75	100.0	0.0	785.0	gene_9875	96.75	False	S1_only_classu|MSTRG.5909.1.p2	47.727	
CH63R_05779	gene_11438	93.696	100.0	0.0	776.0	S1_only_classu|MSTRG.14991.1.p3	93.696	True	S1_only_classu|MSTRG.14991.1.p3	93.696	
CH63R_05799	gene_9091	91.031	100.0	9.739999999999999e-146	404.0	gene_9091	91.031	False	S1_only_classu|MSTRG.15006.1.p1	91.031	
CH63R_05802	gene_1605	95.612	100.0	0.0	1715.0	gene_1605	95.612	False			
CH63R_05804	gene_8476	93.256	100.0	0.0	1346.0	gene_8476	93.256	False			
CH63R_05808	gene_5491	69.388	99.0	0.0	578.0	gene_5491	69.388	False			
CH63R_05847	gene_8040	88.361	90.0	0.0	1043.0	gene_8040	88.361	False	S1_only_classu|MSTRG.9211.1.p1	26.552	
CH63R_05850	gene_11614	92.157	99.0	0.0	4660.0	gene_11614	92.157	False			
CH63R_05879	gene_10045	97.337	100.0	0.0	1648.0	gene_10045	97.337	False	S1_only_classu|MSTRG.5336.1.p1	39.964	
CH63R_05917	gene_4879	95.592	99.0	0.0	833.0	gene_4879	95.592	False			
CH63R_05972	gene_1625	97.959	100.0	0.0	1086.0	gene_1625	97.959	False			
CH63R_05975	gene_10554	91.496	100.0	0.0	598.0	gene_10554	91.496	False			
CH63R_06017	gene_6735	89.573	98.0	0.0	1159.0	gene_6735	89.573	False			
CH63R_06037	gene_10956	94.848	100.0	0.0	656.0	gene_10956	94.848	False			
CH63R_06044	gene_6755	77.746	99.0	0.0	550.0	gene_6755	77.746	False			
CH63R_06091	gene_6824	91.845	100.0	0.0	890.0	gene_6824	91.845	False			
CH63R_06102	gene_6335	84.615	95.0	1.46e-130	385.0	gene_6335	84.615	False			
CH63R_06108	gene_9929	77.647	100.0	0.0	695.0	gene_9929	77.647	False	S1_only_classu|MSTRG.6298.1.p1	77.941	
CH63R_06169	gene_7550	86.813	100.0	0.0	657.0	gene_7550	86.813	False			
CH63R_06194	gene_11775	93.976	100.0	0.0	1123.0	gene_11775	93.976	False			
CH63R_06219	gene_6706	91.595	100.0	0.0	907.0	gene_6706	91.595	False			
CH63R_06285	gene_10562	83.971	99.0	0.0	926.0	gene_10562	83.971	False			
CH63R_06308	gene_1480	97.479	99.0	0.0	703.0	gene_1480	97.479	False			
CH63R_06333	gene_8073	88.889	100.0	0.0	1186.0	gene_8073	88.889	False	S1_only_classu|MSTRG.15309.1.p1	25.794	
CH63R_06342	gene_5893	91.373	100.0	0.0	804.0	gene_5893	91.373	False			
CH63R_06356	gene_12998	39.184	89.0	6.140000000000001e-132	397.0	gene_12998	39.184	False			WEAK_MATCH (pident < 50%)
CH63R_06395	gene_935	91.736	89.0	5.600000000000001e-163	453.0	gene_935	91.736	False			
CH63R_06442	gene_9074	92.553	100.0	0.0	880.0	gene_9074	92.553	False			
CH63R_06444	gene_3633	90.859	100.0	0.0	1365.0	gene_3633	90.859	False	S1_only_classu|MSTRG.2425.1.p1	48.78	
CH63R_06449	gene_420	95.026	100.0	0.0	746.0	gene_420	95.026	False			
CH63R_06486	gene_9972	89.254	100.0	0.0	1211.0	gene_9972	89.254	False			
CH63R_06528	gene_7585	92.888	100.0	0.0	894.0	gene_7585	92.888	False			
CH63R_06540	gene_9918	36.982	84.0	1.93e-58	193.0	gene_9918	36.982	False			WEAK_MATCH (pident < 50%)
CH63R_06551	gene_2512	59.071	87.0	0.0	582.0	gene_2512	59.071	False			
CH63R_06579	gene_8697	66.274	99.0	0.0	852.0	gene_8697	66.274	False	S1_only_classu|MSTRG.3697.1.p1	75.045	
CH63R_06580	gene_4007	46.429	91.0	8.81e-128	377.0	S1_only_classu|MSTRG.6955.1.p1	46.429	True	S1_only_classu|MSTRG.6955.1.p1	46.429	WEAK_MATCH (pident < 50%)
CH63R_06584	gene_11855	95.975	98.0	0.0	957.0	gene_11855	95.975	False			
CH63R_06617	gene_699	49.233	99.0	1.91e-148	453.0	gene_699	49.233	False			WEAK_MATCH (pident < 50%)
CH63R_06677	gene_12834	86.18	78.0	0.0	933.0	S1_only_classu|MSTRG.4953.1.p1	88.69	True	S1_only_classu|MSTRG.4953.1.p1	88.69	
CH63R_06748	gene_10803	95.288	100.0	0.0	709.0	gene_10803	95.288	False			
CH63R_06764	gene_6720	94.286	100.0	7.72e-151	416.0	gene_6720	94.286	False	S1_only_classu|MSTRG.4153.1.p1	92.683	
CH63R_06775	gene_9799	85.714	100.0	1.6300000000000002e-58	174.0	S1_only_classu|MSTRG.4141.1.p1	95.745	True	S1_only_classu|MSTRG.4141.1.p1	95.745	
CH63R_06806	gene_6484	88.969	100.0	0.0	729.0	gene_6484	88.969	False			
CH63R_06837	gene_12030	82.131	98.0	0.0	1068.0	gene_12030	82.131	False	S1_only_classu|MSTRG.15309.1.p1	27.344	
CH63R_06855	gene_4395	52.842	57.0	1.72e-145	460.0	gene_11266	95.673	False	S1_only_classu|MSTRG.5909.1.p2	34.14	
CH63R_06934	gene_3329	81.818	99.0	0.0	878.0	gene_3329	81.818	False			
CH63R_06938	gene_11934	84.028	98.0	0.0	765.0	gene_11934	84.028	False			
CH63R_06939	gene_8241	88.259	99.0	0.0	921.0	gene_8241	88.259	False			
CH63R_06956	gene_4403	96.066	100.0	0.0	972.0	gene_4403	96.066	False			
CH63R_07036	gene_5126	87.943	98.0	0.0	983.0	gene_5126	87.943	False			
CH63R_07066	gene_2255	95.085	100.0	0.0	2040.0	gene_2255	95.085	False			
CH63R_07073	gene_11520	94.203	100.0	0.0	882.0	gene_11520	94.203	False			
CH63R_07088	gene_7923	81.381	99.0	0.0	515.0	Shared_classu|MSTRG.1917.1.p1	88.562	True	Shared_classu|MSTRG.1917.1.p1	88.562	
CH63R_07103	gene_8185	46.186	98.0	0.0	640.0	gene_8185	46.186	False			WEAK_MATCH (pident < 50%)
CH63R_07107	gene_11517	89.933	100.0	1.4e-94	269.0	gene_11517	89.933	False			
CH63R_07174	gene_853	96.857	100.0	0.0	1798.0	gene_853	96.857	False			
CH63R_07211	gene_9170	86.25	100.0	0.0	1236.0	gene_9170	86.25	False	S1_only_classu|MSTRG.560.1.p1	19.876	
CH63R_07216	gene_919	94.137	100.0	0.0	596.0	gene_919	94.137	False			
CH63R_07224	gene_10666	74.033	100.0	0.0	517.0	gene_10666	74.033	False	S1_only_classu|MSTRG.3265.1.p1	56.986	
CH63R_07260	gene_5059	91.379	100.0	0.0	677.0	S1_only_classu|MSTRG.7849.1.p2	91.379	True	S1_only_classu|MSTRG.7849.1.p2	91.379	
CH63R_07261	gene_9884	90.524	100.0	0.0	903.0	gene_9884	90.524	False			
CH63R_07368	gene_10931	31.053	70.0	3.36e-19	84.3	gene_10931	31.053	False			WEAK_MATCH (pident < 50%)
CH63R_07435	gene_4273	90.354	99.0	0.0	570.0	S1_only_classu|MSTRG.8025.1.p2	90.354	True	S1_only_classu|MSTRG.8025.1.p2	90.354	
CH63R_07437	gene_11810	87.52	99.0	0.0	1129.0	gene_11810	87.52	False			
CH63R_07457	gene_5256	91.738	100.0	0.0	675.0	S1_only_classu|MSTRG.8049.1.p1	94.017	True	S1_only_classu|MSTRG.8049.1.p1	94.017	
CH63R_07494	gene_7353	91.367	100.0	0.0	806.0	gene_7353	91.367	False			
CH63R_07523	gene_6161	91.436	100.0	0.0	719.0	gene_6161	91.436	False			
CH63R_07560	gene_12864	86.684	97.0	0.0	1321.0	gene_12864	86.684	False	S1_only_classu|MSTRG.12298.1.p1	36.51	
CH63R_07596	gene_9402	96.137	99.0	0.0	1816.0	gene_9402	96.137	False	S1_only_classu|MSTRG.10194.1.p1	25.43	
CH63R_07598	gene_11385	89.514	92.0	0.0	698.0	gene_11385	89.514	False			
CH63R_07606	gene_10620	78.241	99.0	0.0	1295.0	gene_10620	78.241	False			
CH63R_07607	gene_10991	82.227	100.0	0.0	754.0	gene_10991	82.227	False			
CH63R_07617	gene_9918	40.12	86.0	1.16e-61	201.0	gene_9918	40.12	False			WEAK_MATCH (pident < 50%)
CH63R_07649	gene_1066	91.715	100.0	0.0	916.0	gene_1066	91.715	False			
CH63R_07675	gene_9005	95.013	100.0	0.0	771.0	gene_9005	95.013	False			
CH63R_07684	gene_8822	94.427	100.0	0.0	1916.0	gene_8822	94.427	False			
CH63R_07703	gene_12109	90.895	93.0	0.0	1235.0	gene_12109	90.895	False	S1_only_classu|MSTRG.4701.1.p1	25.236	
CH63R_07709	gene_9892	87.097	100.0	0.0	551.0	gene_9892	87.097	False			
CH63R_07711	gene_2331	97.231	100.0	0.0	1806.0	gene_2331	97.231	False			
CH63R_07715	gene_1869	95.143	100.0	0.0	1365.0	gene_1869	95.143	False	S1_only_classu|MSTRG.15309.1.p1	25.444	
CH63R_07742	gene_4508	90.471	99.0	0.0	1794.0	S1_only_classu|MSTRG.13212.1.p1	91.614	True	S1_only_classu|MSTRG.13212.1.p1	91.614	
CH63R_07780	gene_780	94.83	100.0	0.0	1239.0	gene_780	94.83	False			
CH63R_07786	gene_2309	96.865	100.0	0.0	4515.0	gene_2309	96.865	False			
CH63R_07787	gene_166	87.059	100.0	7.68e-156	432.0	gene_166	87.059	False			
CH63R_07807	gene_6873	89.266	99.0	0.0	1633.0	gene_6873	89.266	False			
CH63R_07816	gene_11623	92.788	100.0	0.0	783.0	gene_11623	92.788	False	S1_only_classu|MSTRG.4379.1.p1	28.455	
CH63R_07826	gene_2704	89.139	84.0	0.0	838.0	gene_2704	89.139	False			
CH63R_07860	gene_5179	94.716	100.0	0.0	1524.0	gene_5179	94.716	False			
CH63R_07882	gene_1620	90.397	100.0	0.0	560.0	gene_1620	90.397	False			
CH63R_07899	gene_4007	93.882	82.0	0.0	900.0	S1_only_classu|MSTRG.6955.1.p1	94.501	True	S1_only_classu|MSTRG.6955.1.p1	94.501	
CH63R_07905	gene_10958	95.646	100.0	0.0	1415.0	S1_only_classu|MSTRG.8357.1.p1	95.646	True	S1_only_classu|MSTRG.8357.1.p1	95.646	
CH63R_07908	gene_11255	91.549	100.0	0.0	811.0	gene_11255	91.549	False			
CH63R_07966	gene_8237	68.82	99.0	0.0	523.0	gene_8237	68.82	False			
CH63R_07982	gene_10251	72.549	95.0	3.91e-108	308.0	gene_10251	72.549	False			
CH63R_08002	gene_2001	54.723	92.0	3.74e-121	350.0	gene_2001	54.723	False	S1_only_classu|MSTRG.1842.1.p2	36.918	
CH63R_08031	gene_2152	85.522	98.0	0.0	506.0	gene_2152	85.522	False			
CH63R_08032	gene_12503	90.948	100.0	2.24e-155	429.0	gene_12503	90.948	False	S1_only_classu|MSTRG.4461.1.p1	90.0	
CH63R_08040	gene_7797	44.186	64.0	4.41e-21	86.7	gene_7797	44.186	False			WEAK_MATCH (pident < 50%)
CH63R_08046	gene_1087	91.22	100.0	1.47e-139	387.0	gene_1087	91.22	False	S1_only_classu|MSTRG.4448.1.p2	90.291	
CH63R_08076	gene_12934	92.381	100.0	0.0	609.0	S1_only_classu|MSTRG.4403.1.p1	92.381	True	S1_only_classu|MSTRG.4403.1.p1	92.381	
CH63R_08088	gene_12740	93.949	100.0	0.0	610.0	gene_12740	93.949	False			
CH63R_08094	gene_3840	96.495	100.0	0.0	975.0	S1_only_classu|MSTRG.4379.1.p1	96.495	True	S1_only_classu|MSTRG.4379.1.p1	96.495	
CH63R_08115	gene_8471	90.62	100.0	0.0	2117.0	gene_8471	90.62	False	S1_only_classu|MSTRG.277.1.p1	28.492	
CH63R_08123	gene_8329	83.71	100.0	0.0	1164.0	gene_8329	83.71	False	S1_only_classu|MSTRG.3948.1.p1	29.242	
CH63R_08136	gene_3527	90.088	99.0	0.0	1030.0	gene_3527	90.088	False			
CH63R_08142	gene_7011	92.041	100.0	0.0	1340.0	gene_7011	92.041	False	S1_only_classu|MSTRG.9211.1.p1	21.552	
CH63R_08178	gene_8048	95.937	99.0	0.0	1480.0	gene_8048	95.937	False			
CH63R_08186	gene_4814	83.757	100.0	0.0	893.0	gene_4814	83.757	False	S1_only_classu|MSTRG.4280.1.p1	80.431	
CH63R_08196	gene_2374	88.665	100.0	0.0	1019.0	gene_2374	88.665	False	S1_only_classu|MSTRG.4270.1.p1	88.665	
CH63R_08205	gene_9731	81.2	58.0	0.0	829.0	gene_9731	81.2	False			
CH63R_08275	gene_370	71.869	99.0	0.0	700.0	gene_370	71.869	False	S1_only_classu|MSTRG.9256.1.p1	72.318	
CH63R_08297	gene_2001	38.806	92.0	1.1699999999999999e-68	216.0	gene_2001	38.806	False	S1_only_classu|MSTRG.1842.1.p2	34.173	WEAK_MATCH (pident < 50%)
CH63R_08337	gene_11538	58.15	81.0	3.7e-92	271.0	gene_11538	58.15	False			
CH63R_08339	gene_3480	60.905	95.0	0.0	583.0	gene_3480	60.905	False	S1_only_classu|MSTRG.12936.1.p1	23.684	
CH63R_08447	gene_12654	90.196	99.0	0.0	568.0	gene_12654	90.196	False			
CH63R_08517	gene_12086	92.908	99.0	0.0	827.0	gene_12086	92.908	False			
CH63R_08518	gene_9286	85.239	100.0	0.0	851.0	gene_9286	85.239	False			
CH63R_08524	gene_5498	96.936	100.0	0.0	713.0	gene_5498	96.936	False			
CH63R_08550	gene_12528	95.238	100.0	8.64e-122	339.0	gene_12528	95.238	False			
CH63R_08575	gene_8973	94.561	100.0	9.9e-169	463.0	gene_8973	94.561	False			
CH63R_08589	gene_1783	90.704	100.0	0.0	719.0	gene_1783	90.704	False			
CH63R_08596	gene_4914	89.474	99.0	0.0	894.0	gene_4914	89.474	False	Shared_classu|MSTRG.1869.1.p1	78.818	
CH63R_08599	gene_655	89.154	99.0	0.0	995.0	S1_only_classu|MSTRG.3265.1.p1	89.154	True	S1_only_classu|MSTRG.3265.1.p1	89.154	
CH63R_08636	gene_8769	81.034	99.0	0.0	694.0	gene_8769	81.034	False	S1_only_classu|MSTRG.3244.1.p1	81.034	
CH63R_08654	gene_521	38.409	99.0	2.93e-161	480.0	gene_521	38.409	False			WEAK_MATCH (pident < 50%)
CH63R_08690	gene_7878	92.308	97.0	0.0	775.0	S1_only_classu|MSTRG.9219.1.p1	92.53	True	S1_only_classu|MSTRG.9219.1.p1	92.53	
CH63R_08694	gene_7028	90.765	100.0	0.0	717.0	gene_7028	90.765	False			
CH63R_08737	gene_646	87.987	99.0	0.0	1127.0	gene_646	87.987	False	S1_only_classu|MSTRG.9167.1.p1	94.118	
CH63R_08776	gene_742	54.476	99.0	0.0	584.0	gene_742	54.476	False			
CH63R_08783	gene_1738	71.777	99.0	0.0	786.0	gene_1738	71.777	False			
CH63R_08810	gene_12607	86.613	92.0	0.0	864.0	gene_12607	86.613	False			
CH63R_08821	gene_5682	96.661	98.0	0.0	1159.0	gene_5682	96.661	False			
CH63R_08861	gene_2120	46.185	100.0	3.57e-144	420.0	gene_2120	46.185	False			WEAK_MATCH (pident < 50%)
CH63R_08876	gene_9328	85.088	99.0	1.63e-143	399.0	gene_9328	85.088	False	S1_only_classu|MSTRG.3941.1.p1	85.088	
CH63R_08889	gene_3336	93.146	99.0	0.0	1114.0	S1_only_classu|MSTRG.3948.1.p1	93.31	True	S1_only_classu|MSTRG.3948.1.p1	93.31	
CH63R_08896	gene_4909	91.089	100.0	0.0	581.0	gene_4909	91.089	False			
CH63R_08898	gene_7762	81.734	96.0	0.0	548.0	S1_only_classu|MSTRG.3959.1.p1	88.851	True	S1_only_classu|MSTRG.3959.1.p1	88.851	
CH63R_09006	gene_12998	84.956	100.0	0.0	1021.0	gene_12998	84.956	False			
CH63R_09021	gene_610	91.85	97.0	0.0	600.0	gene_610	91.85	False			
CH63R_09053	gene_2036	94.209	100.0	0.0	858.0	gene_2036	94.209	False			
CH63R_09055	gene_4944	93.712	100.0	0.0	965.0	gene_4944	93.712	False			
CH63R_09074	gene_4133	86.782	98.0	0.0	574.0	gene_4133	86.782	False			
CH63R_09079	gene_2760	94.855	100.0	0.0	1463.0	gene_2760	94.855	False	S1_only_classu|MSTRG.972.1.p1	31.306	
CH63R_09103	gene_11358	95.133	100.0	0.0	898.0	gene_11358	95.133	False			
CH63R_09115	gene_4521	84.058	99.0	6.83e-179	493.0	gene_4521	84.058	False			
CH63R_09120	gene_2525	94.796	99.0	0.0	1582.0	gene_2525	94.796	False			
CH63R_09139	gene_6154	92.794	100.0	0.0	3344.0	gene_6154	92.794	False			
CH63R_09188	gene_11290	92.909	100.0	0.0	1326.0	gene_11290	92.909	False			
CH63R_09199	gene_8889	92.182	100.0	0.0	1032.0	gene_8889	92.182	False			
CH63R_09204	gene_5630	97.345	100.0	0.0	686.0	gene_5630	97.345	False			
CH63R_09245	gene_5452	75.256	100.0	0.0	689.0	gene_5452	75.256	False			
CH63R_09256	gene_3178	70.48	94.0	3.4700000000000004e-110	333.0	gene_3178	70.48	False			
CH63R_09263	gene_9244	93.028	95.0	0.0	873.0	gene_9244	93.028	False			
CH63R_09270	gene_11182	98.025	100.0	0.0	827.0	gene_11182	98.025	False			
CH63R_09290	gene_10382	94.148	100.0	0.0	742.0	gene_10382	94.148	False			
CH63R_09297	gene_367	75.168	99.0	0.0	647.0	gene_367	75.168	False			
CH63R_09303	gene_6560	98.172	100.0	0.0	769.0	gene_6560	98.172	False			
CH63R_09324						gene_11124	27.966	False			NO_GENE_HIT_PASSES_THRESHOLDS
CH63R_09328	gene_12765	90.96	99.0	0.0	674.0	gene_12765	90.96	False	S1_only_classu|MSTRG.1326.1.p1	34.568	
CH63R_09355	gene_5937	90.58	100.0	0.0	1946.0	gene_5937	90.58	False	S1_only_classu|MSTRG.758.1.p1	24.765	
CH63R_09371	gene_9526	92.356	100.0	0.0	2000.0	gene_9526	92.356	False			
CH63R_09384	gene_8144	74.171	99.0	0.0	635.0	gene_8144	74.171	False			
CH63R_09419	gene_3951	95.01	100.0	0.0	986.0	gene_3951	95.01	False			
CH63R_09442	gene_5492	95.594	100.0	0.0	1041.0	gene_5492	95.594	False			
CH63R_09453	gene_7067	84.759	99.0	0.0	1115.0	gene_7067	84.759	False	S1_only_classu|MSTRG.12404.1.p1	33.333	
CH63R_09523	gene_12063	47.477	71.0	0.0	1528.0	gene_12063	47.477	False			WEAK_MATCH (pident < 50%)
CH63R_09531	gene_4156	55.963	86.0	2.7e-130	393.0	gene_4156	55.963	False			
CH63R_09532	gene_11047	48.292	72.0	1.39e-140	421.0	gene_11047	48.292	False			WEAK_MATCH (pident < 50%)
CH63R_09534	gene_2846	87.166	100.0	0.0	648.0	gene_2846	87.166	False			
CH63R_09694	gene_4671	74.393	99.0	0.0	793.0	gene_4671	74.393	False			
CH63R_09695	gene_9890	68.647	97.0	0.0	859.0	gene_9890	68.647	False			
CH63R_09701	gene_4094	94.785	100.0	0.0	638.0	gene_4094	94.785	False			
CH63R_09765	gene_313	44.672	91.0	0.0	1360.0	gene_313	44.672	False			WEAK_MATCH (pident < 50%)
CH63R_09767	gene_3566	46.133	99.0	1.25e-104	311.0	gene_3566	46.133	False			WEAK_MATCH (pident < 50%)
CH63R_09768	gene_12865	43.251	99.0	0.0	1649.0	gene_12865	43.251	False			WEAK_MATCH (pident < 50%)
CH63R_09939	gene_11580	90.508	99.0	0.0	543.0	gene_11580	90.508	False			
CH63R_09956	gene_11588	86.609	100.0	0.0	793.0	gene_11588	86.609	False			
CH63R_09977	gene_4716	96.399	100.0	0.0	711.0	gene_4716	96.399	False			
CH63R_09979	gene_12060	98.78	100.0	0.0	1167.0	gene_12060	98.78	False			
CH63R_10009	gene_8849	92.534	100.0	0.0	1849.0	gene_8849	92.534	False	S1_only_classu|MSTRG.9393.1.p1	91.849	
CH63R_10018	gene_4606	94.253	100.0	4.2100000000000005e-123	343.0	gene_4606	94.253	False			
CH63R_10038	gene_12234	89.101	100.0	0.0	1637.0	gene_12234	89.101	False			
CH63R_10073	gene_4570	95.23	100.0	0.0	1101.0	gene_4570	95.23	False			
CH63R_10076	gene_11394	89.518	100.0	0.0	1309.0	gene_11394	89.518	False			
CH63R_10105	gene_7035	95.611	100.0	0.0	591.0	gene_7035	95.611	False			
CH63R_10106	gene_3484	93.768	100.0	0.0	685.0	gene_3484	93.768	False			
CH63R_10112	gene_5936	89.313	100.0	2.4e-179	492.0	S1_only_classu|MSTRG.14288.1.p1	90.347	True	S1_only_classu|MSTRG.14288.1.p1	90.347	
CH63R_10154	gene_12215	81.426	96.0	0.0	844.0	gene_12215	81.426	False			
CH63R_10237	gene_9278	94.614	100.0	0.0	1325.0	gene_9278	94.614	False	S1_only_classu|MSTRG.15309.1.p1	24.721	
CH63R_10249						S1_only_classu|MSTRG.4953.1.p1	28.846	True	S1_only_classu|MSTRG.4953.1.p1	28.846	NO_GENE_HIT_PASSES_THRESHOLDS
CH63R_10302	gene_4019	94.107	99.0	0.0	2237.0	gene_4019	94.107	False	S1_only_classu|MSTRG.8556.1.p1	25.815	
CH63R_10312	gene_10801	94.296	100.0	0.0	1103.0	gene_10801	94.296	False			
CH63R_10327	gene_3583	95.766	100.0	0.0	995.0	gene_3583	95.766	False			
CH63R_10366	gene_8310	94.107	100.0	0.0	2279.0	gene_8310	94.107	False	S1_only_classu|MSTRG.10952.1.p1	24.926	
CH63R_10383	gene_9951	86.67	100.0	0.0	3167.0	gene_9951	86.67	False			
CH63R_10395	gene_2245	81.818	87.0	1.77e-143	409.0	gene_2245	81.818	False			
CH63R_10413	gene_9021	93.548	100.0	0.0	584.0	gene_9021	93.548	False			
CH63R_10446	gene_1085	59.132	78.0	0.0	630.0	gene_1085	59.132	False			
CH63R_10450	gene_2078	91.652	100.0	0.0	1077.0	gene_2078	91.652	False	S1_only_classu|MSTRG.12298.1.p1	31.207	
CH63R_10525	gene_2608	52.787	96.0	0.0	605.0	S1_only_classu|MSTRG.709.1.p1	52.787	True	S1_only_classu|MSTRG.709.1.p1	52.787	
CH63R_10528	gene_9941	42.202	99.0	4.79e-71	222.0	gene_9941	42.202	False			WEAK_MATCH (pident < 50%)
CH63R_10544	gene_11634	96.774	100.0	0.0	1427.0	gene_11634	96.774	False	S1_only_classu|MSTRG.5336.1.p1	97.407	
CH63R_10650	gene_3103	64.527	99.0	0.0	1488.0	S1_only_classu|MSTRG.13627.1.p1	64.527	True	S1_only_classu|MSTRG.13627.1.p1	64.527	
CH63R_10670	gene_4811	90.774	94.0	0.0	644.0	gene_4811	90.774	False			
CH63R_10737	gene_11125	93.75	100.0	0.0	1046.0	gene_11125	93.75	False	S1_only_classu|MSTRG.4270.1.p1	62.84	
CH63R_10768	gene_1711	85.857	100.0	0.0	880.0	gene_1711	85.857	False			
CH63R_10785	gene_12607	73.79	87.0	0.0	743.0	gene_12607	73.79	False			
CH63R_10826	gene_3742	80.409	99.0	0.0	1142.0	gene_3742	80.409	False			
CH63R_10829	gene_2178	81.563	100.0	0.0	2175.0	gene_2178	81.563	False			
CH63R_10831	gene_10825	67.573	100.0	0.0	600.0	gene_10825	67.573	False	S1_only_classu|MSTRG.1842.1.p2	30.769	
CH63R_10838	gene_6415	67.337	96.0	0.0	552.0	gene_6415	67.337	False	S1_only_classu|MSTRG.3217.1.p2	69.022	
CH63R_10870	gene_7948	92.919	98.0	0.0	1080.0	S1_only_classu|MSTRG.1234.1.p1	92.203	True	S1_only_classu|MSTRG.1234.1.p1	92.203	
CH63R_10878	gene_2010	92.544	100.0	1.2699999999999999e-153	424.0	gene_2010	92.544	False			
CH63R_10926	gene_6341	73.66	100.0	0.0	649.0	gene_6341	73.66	False			
CH63R_10939	gene_11061	31.41	96.0	3.72e-33	123.0	gene_2001	28.904	False	S1_only_classu|MSTRG.1842.1.p2	26.953	WEAK_MATCH (pident < 50%)
CH63R_10946	gene_12791	76.531	100.0	2.0200000000000003e-163	453.0	gene_12791	76.531	False			
CH63R_10953	gene_1922	87.667	92.0	0.0	562.0	gene_1922	87.667	False			
CH63R_11028	gene_11855	40.333	87.0	1.52e-114	365.0	gene_11855	40.333	False			WEAK_MATCH (pident < 50%)
CH63R_11033	gene_1276	91.214	100.0	0.0	735.0	gene_1276	91.214	False			
CH63R_11072	gene_637	84.594	100.0	0.0	626.0	S1_only_classu|MSTRG.6617.1.p1	84.594	True	S1_only_classu|MSTRG.6617.1.p1	84.594	
CH63R_11108	gene_1340	90.0	99.0	0.0	580.0	gene_1340	90.0	False			
CH63R_11132	gene_3566	91.371	99.0	0.0	746.0	gene_3566	91.371	False			
CH63R_11153	gene_7676	85.573	100.0	0.0	867.0	gene_7676	85.573	False			
CH63R_11163	gene_8534	90.551	99.0	0.0	726.0	gene_8534	90.551	False			
CH63R_11195	gene_5761	81.343	96.0	0.0	665.0	gene_5761	81.343	False			
CH63R_11245	gene_9499	92.308	100.0	0.0	886.0	gene_9499	92.308	False			
CH63R_11258	gene_1810	94.714	100.0	0.0	1388.0	gene_1810	94.714	False	S2_only_classu|MSTRG.7550.1.p1	25.532	
CH63R_11412						gene_736	24.138	False			NO_GENE_HIT_PASSES_THRESHOLDS
CH63R_11471	gene_6894	95.389	100.0	0.0	1340.0	gene_6894	95.389	False			
CH63R_11521	gene_9890	35.021	89.0	4.31e-80	261.0	gene_9890	35.021	False			WEAK_MATCH (pident < 50%)
CH63R_11542	gene_319	92.205	100.0	0.0	1021.0	gene_319	92.205	False			
CH63R_11570	gene_2828	85.522	100.0	0.0	512.0	gene_2828	85.522	False			
CH63R_11651	gene_5593	96.411	100.0	0.0	831.0	gene_5593	96.411	False			
CH63R_11678	gene_3021	97.668	100.0	0.0	696.0	S1_only_classu|MSTRG.758.1.p1	97.668	True	S1_only_classu|MSTRG.758.1.p1	97.668	
CH63R_11682	gene_5089	96.977	99.0	0.0	803.0	S1_only_classu|MSTRG.749.1.p1	96.977	True	S1_only_classu|MSTRG.749.1.p1	96.977	
CH63R_11734	gene_2608	86.356	100.0	0.0	1067.0	S1_only_classu|MSTRG.709.1.p1	86.356	True	S1_only_classu|MSTRG.709.1.p1	86.356	
CH63R_11755	gene_8511	97.222	100.0	0.0	1091.0	gene_8511	97.222	False			
CH63R_11757	gene_6102	95.238	100.0	1.0300000000000001e-164	452.0	gene_6102	95.238	False	S1_only_classu|MSTRG.655.1.p2	95.238	
CH63R_11784	gene_2434	86.053	100.0	0.0	583.0	S1_only_classu|MSTRG.629.1.p2	86.053	True	S1_only_classu|MSTRG.629.1.p2	86.053	
CH63R_11790	gene_2606	92.017	94.0	3.21e-162	447.0	gene_2606	92.017	False			
CH63R_11800	gene_8838	92.5	100.0	0.0	905.0	gene_8838	92.5	False			
CH63R_11814	gene_1865	94.832	100.0	0.0	3794.0	gene_1865	94.832	False			
CH63R_11816	gene_10696	88.987	99.0	2.33e-153	424.0	gene_10696	88.987	False			
CH63R_11818	gene_9556	97.98	100.0	3.45e-142	393.0	gene_9556	97.98	False			
CH63R_11833	gene_11004	89.549	100.0	0.0	791.0	gene_11004	89.549	False	S1_only_classu|MSTRG.560.1.p1	88.424	
CH63R_11852	gene_5005	91.803	100.0	0.0	924.0	gene_5005	91.803	False	S2_only_classu|MSTRG.4285.1.p1	70.874	
CH63R_11870	gene_11513	86.21	98.0	0.0	1799.0	gene_11513	86.21	False			
CH63R_11876	gene_9741	56.55	96.0	1.01e-104	308.0	gene_9741	56.55	False			
CH63R_11888	gene_6399	87.95	99.0	0.0	1008.0	gene_6399	87.95	False			
CH63R_11902	gene_7097	97.308	100.0	0.0	1046.0	gene_7097	97.308	False			
CH63R_12005	gene_9020	90.948	100.0	0.0	789.0	gene_9020	90.948	False			
CH63R_12107	gene_187	68.67	99.0	0.0	759.0	gene_187	68.67	False	S1_only_classu|MSTRG.1781.1.p1	34.43	
CH63R_12111	gene_2791	96.014	100.0	0.0	1154.0	S1_only_classu|MSTRG.7488.1.p1	96.014	True	S1_only_classu|MSTRG.7488.1.p1	96.014	
CH63R_12147	gene_4956	88.0	100.0	0.0	801.0	gene_4956	88.0	False			
CH63R_12165	gene_2665	91.892	100.0	0.0	1075.0	gene_2665	91.892	False			
CH63R_12196	gene_8915	88.45	100.0	0.0	1748.0	gene_8915	88.45	False			
CH63R_12234	gene_2692	77.249	97.0	0.0	613.0	gene_2692	77.249	False			
CH63R_12248	gene_11727	93.421	100.0	0.0	838.0	gene_11727	93.421	False			
CH63R_12249	gene_11159	88.652	100.0	0.0	998.0	gene_11159	88.652	False			
CH63R_12271	gene_5893	59.921	92.0	6.91e-175	502.0	gene_5893	59.921	False			
CH63R_12289	gene_11855	36.777	87.0	1.49e-92	306.0	gene_11855	36.777	False			WEAK_MATCH (pident < 50%)
CH63R_12299	gene_9547	62.538	53.0	1.64e-136	399.0	gene_9547	62.538	False			
CH63R_12415	gene_12033	74.892	100.0	0.0	740.0	gene_12033	74.892	False			
CH63R_12428	gene_10621	92.651	97.0	0.0	705.0	gene_10621	92.651	False			
CH63R_12491						gene_9929	24.348	False	S1_only_classu|MSTRG.6298.1.p1	23.739	NO_GENE_HIT_PASSES_THRESHOLDS
CH63R_12493	gene_10825	47.307	98.0	6e-130	377.0	gene_10825	47.307	False	S1_only_classu|MSTRG.1842.1.p2	29.614	WEAK_MATCH (pident < 50%)
CH63R_12560	gene_168	84.503	100.0	0.0	586.0	S1_only_classu|MSTRG.7604.1.p2	84.503	True	S1_only_classu|MSTRG.7604.1.p2	84.503	
CH63R_12580	gene_463	95.0	100.0	0.0	696.0	gene_463	95.0	False			
CH63R_12657	gene_1017	95.664	100.0	0.0	1488.0	S2_only_classu|MSTRG.8415.1.p1	95.664	True	S2_only_classu|MSTRG.8415.1.p1	95.664	
CH63R_12662	gene_11855	55.862	95.0	7.649999999999999e-168	502.0	gene_11855	55.862	False			
CH63R_12664	gene_8106	91.773	100.0	0.0	1365.0	gene_8106	91.773	False	S1_only_classu|MSTRG.15309.1.p1	35.762	
CH63R_12706	gene_9796	94.417	100.0	0.0	764.0	gene_9796	94.417	False			
CH63R_12709	gene_8746	96.715	100.0	0.0	553.0	gene_8746	96.715	False			
CH63R_12714	gene_1089	90.698	93.0	0.0	605.0	gene_1089	90.698	False			
CH63R_12724	gene_2680	97.301	100.0	0.0	4304.0	S1_only_classu|MSTRG.8488.1.p1	97.301	True	S1_only_classu|MSTRG.8488.1.p1	97.301	
CH63R_12766	gene_6037	98.758	100.0	1.09e-116	325.0	gene_6037	98.758	False			
CH63R_12788	gene_10565	97.396	99.0	0.0	771.0	S1_only_classu|MSTRG.8563.1.p1	97.396	True	S1_only_classu|MSTRG.8563.1.p1	97.396	
CH63R_12832	gene_7443	90.57	99.0	0.0	2967.0	gene_7443	90.57	False	S1_only_classu|MSTRG.972.1.p1	91.074	
CH63R_12857	gene_3806	92.711	99.0	0.0	678.0	gene_3806	92.711	False			
CH63R_12868	gene_9268	95.694	100.0	0.0	843.0	gene_9268	95.694	False			
CH63R_12886	gene_9237	97.989	100.0	0.0	1843.0	gene_9237	97.989	False			
CH63R_12897	gene_31	91.094	96.0	0.0	748.0	gene_31	91.094	False			
CH63R_12903	gene_10850	87.147	100.0	0.0	514.0	gene_10850	87.147	False			
CH63R_12904	gene_1225	94.022	100.0	0.0	702.0	gene_1225	94.022	False			
CH63R_12992	gene_5822	86.288	98.0	0.0	553.0	S1_only_classu|MSTRG.3157.1.p1	86.288	True	S1_only_classu|MSTRG.3157.1.p1	86.288	
CH63R_13019	gene_3762	91.977	91.0	0.0	921.0	gene_3762	91.977	False			
CH63R_13093	gene_7466	91.474	99.0	0.0	1070.0	gene_7466	91.474	False	S1_only_classu|MSTRG.12404.1.p1	27.054	
CH63R_13103	gene_8326	95.5	100.0	0.0	1181.0	gene_8326	95.5	False			
CH63R_13104	gene_4408	89.157	100.0	0.0	581.0	gene_4408	89.157	False			
CH63R_13144	gene_7393	86.598	99.0	0.0	882.0	gene_7393	86.598	False			
CH63R_13158	gene_10704	37.967	87.0	3.33e-86	278.0	gene_10704	37.967	False	S1_only_classu|MSTRG.12298.1.p1	37.967	WEAK_MATCH (pident < 50%)
CH63R_13283	gene_6761	73.638	99.0	0.0	690.0	gene_6761	73.638	False			
CH63R_13325	gene_12719	93.069	99.0	0.0	593.0	gene_12719	93.069	False			
CH63R_13396	gene_6227	86.131	99.0	0.0	928.0	gene_6227	86.131	False	S1_only_classu|MSTRG.1781.1.p1	88.837	
CH63R_13458	gene_4671	39.689	94.0	2.53e-104	323.0	gene_4671	39.689	False			WEAK_MATCH (pident < 50%)
CH63R_13470	gene_12607	62.911	98.0	0.0	559.0	gene_12607	62.911	False			
CH63R_13481	gene_996	86.38	100.0	4.69e-180	495.0	gene_996	86.38	False			
CH63R_13532	gene_3244	51.642	96.0	6.439999999999999e-165	478.0	gene_3244	51.642	False	S1_only_classu|MSTRG.1781.1.p1	35.529	
CH63R_13581	gene_47	77.083	95.0	1.3e-78	228.0	gene_47	77.083	False	S1_only_classu|MSTRG.10859.1.p1	35.135	
CH63R_13592	gene_5363	93.548	100.0	0.0	859.0	gene_5363	93.548	False	S1_only_classu|MSTRG.12936.1.p1	38.05	
CH63R_13609	gene_7654	92.57	96.0	0.0	634.0	gene_7654	92.57	False			
CH63R_13631	gene_9074	65.57	100.0	0.0	602.0	gene_9074	65.57	False			
CH63R_13660						gene_4658	28.391	False			NO_GENE_HIT_PASSES_THRESHOLDS
CH63R_13700	gene_6014	88.855	100.0	0.0	622.0	gene_6014	88.855	False			
CH63R_13753	gene_12935	87.468	99.0	0.0	688.0	gene_12935	87.468	False			
CH63R_13783						gene_10931	41.361	False			NO_GENE_HIT_PASSES_THRESHOLDS
CH63R_13864	gene_11200	58.13	96.0	0.0	583.0	gene_11200	58.13	False	S1_only_classu|MSTRG.10229.1.p1	53.094	
CH63R_13892	gene_5506	94.721	100.0	0.0	660.0	gene_5506	94.721	False			
CH63R_13903	gene_521	53.752	99.0	0.0	808.0	gene_521	53.752	False			
CH63R_13926	gene_9012	89.041	100.0	0.0	692.0	gene_9012	89.041	False			
CH63R_13946	gene_12145	95.439	99.0	0.0	564.0	gene_12145	95.439	False			
CH63R_13996	gene_313	97.368	100.0	0.0	3762.0	gene_313	97.368	False			
CH63R_13998	gene_12865	97.048	100.0	0.0	4231.0	gene_12865	97.048	False			
CH63R_13999	gene_3227	82.186	100.0	0.0	843.0	gene_3227	82.186	False	S1_only_classu|MSTRG.11631.1.p1	40.605	
CH63R_14072	gene_1935	95.422	100.0	0.0	777.0	gene_1935	95.422	False	S1_only_classu|MSTRG.5909.1.p2	31.308	
CH63R_14083	gene_622	97.101	100.0	0.0	838.0	gene_622	97.101	False			
CH63R_14100	gene_8237	94.413	100.0	0.0	704.0	gene_8237	94.413	False			
CH63R_14107	gene_11759	93.77	100.0	0.0	591.0	gene_11759	93.77	False			
CH63R_14123	gene_5633	94.663	100.0	0.0	691.0	gene_5633	94.663	False			
CH63R_14147	gene_3587	95.708	100.0	0.0	924.0	gene_3587	95.708	False			
CH63R_14163	gene_6703	92.308	99.0	0.0	688.0	gene_6703	92.308	False			
CH63R_14202	gene_4313	88.462	100.0	0.0	771.0	gene_4313	88.462	False			
